Age,Gender,Annual_Income,Employment_Status,Education_Level,Marital_Status,Dependents,Loan_Amount,Loan_Term,Credit_Score,Existing_Loan,Property_Area,Loan_Status
59,Female,304455,Salaried,Graduate,Single,1,1103062,240,413,Yes,Semiurban,0
49,Female,1518880,Salaried,Graduate,Married,0,394165,240,794,No,Semiurban,1
35,Female,898692,Salaried,Not Graduate,Married,3,785224,24,635,Yes,Rural,0
63,Female,435810,Self-Employed,Graduate,Married,0,1741275,360,868,No,Urban,1
28,Female,1519537,Salaried,Graduate,Single,1,724472,60,584,No,Rural,1
41,Female,1814062,Salaried,Not Graduate,Married,0,625985,12,428,No,Urban,1
59,Male,577858,Unemployed,Graduate,Single,1,1609038,180,614,No,Semiurban,0
39,Female,1764694,Self-Employed,Graduate,Single,1,1154574,24,897,No,Semiurban,1
43,Female,1694859,Self-Employed,Graduate,Married,0,159537,36,370,No,Urban,1
31,Male,684522,Salaried,Graduate,Single,1,934248,24,644,No,Semiurban,1
31,Male,731904,Self-Employed,Graduate,Married,2,1125152,120,397,Yes,Rural,0
44,Female,421365,Self-Employed,Not Graduate,Single,0,1279748,24,599,Yes,Urban,0
56,Male,1341058,Self-Employed,Not Graduate,Married,2,1468784,36,475,No,Semiurban,0
60,Female,1933991,Self-Employed,Not Graduate,Married,0,1179814,120,374,No,Semiurban,1
44,Male,866773,Salaried,Not Graduate,Single,1,1313621,240,442,Yes,Semiurban,0
23,Female,1199627,Salaried,Graduate,Single,1,1224461,180,322,Yes,Semiurban,0
42,Male,1799782,Salaried,Graduate,Single,3,1688593,60,480,Yes,Urban,0
22,Male,228116,Salaried,Not Graduate,Married,3,1189429,180,344,No,Urban,0
44,Female,534370,Self-Employed,Not Graduate,Single,2,1744856,24,768,No,Semiurban,0
64,Female,1427507,Salaried,Graduate,Single,1,1847954,240,391,No,Rural,0
50,Female,1505477,Unemployed,Not Graduate,Married,3,1052383,60,568,Yes,Rural,0
58,Female,669385,Unemployed,Graduate,Married,1,1389864,24,333,Yes,Rural,0
22,Female,1581728,Salaried,Graduate,Single,0,961575,12,881,No,Rural,1
41,Male,1722138,Salaried,Graduate,Single,3,1811262,12,663,No,Urban,1
53,Female,1931411,Self-Employed,Graduate,Single,2,1437868,36,432,No,Urban,1
32,Female,376572,Unemployed,Graduate,Married,3,1904315,240,681,Yes,Rural,0
42,Male,281379,Salaried,Graduate,Married,1,1421318,360,576,No,Urban,0
64,Male,1779753,Salaried,Graduate,Single,4,1511415,240,455,No,Rural,1
45,Female,1136399,Salaried,Graduate,Married,4,725609,360,686,No,Semiurban,1
47,Male,376256,Self-Employed,Graduate,Single,1,516981,180,834,No,Semiurban,1
62,Male,972376,Salaried,Not Graduate,Single,0,141810,12,499,Yes,Rural,0
48,Female,1035987,Self-Employed,Graduate,Married,3,939302,120,574,No,Urban,0
36,Male,712422,Salaried,Graduate,Single,4,1170707,120,800,No,Rural,1
35,Male,570539,Salaried,Graduate,Single,0,1979146,240,758,No,Urban,1
64,Female,1707997,Salaried,Graduate,Married,1,1268025,240,349,No,Semiurban,0
23,Female,352834,Salaried,Not Graduate,Single,0,495581,24,831,Yes,Urban,1
57,Male,1679017,Salaried,Graduate,Single,1,1464132,240,391,No,Rural,1
27,Male,1426155,Salaried,Not Graduate,Married,3,1395271,60,755,No,Semiurban,1
41,Female,700242,Salaried,Graduate,Single,0,879358,120,638,No,Semiurban,1
29,Male,860381,Salaried,Graduate,Single,3,140214,24,352,Yes,Urban,1
59,Male,1550679,Salaried,Graduate,Married,0,399894,360,795,Yes,Semiurban,1
38,Male,901287,Unemployed,Graduate,Married,1,1137175,60,303,Yes,Semiurban,0
24,Female,1933802,Salaried,Graduate,Married,1,279417,240,580,Yes,Urban,1
45,Male,1924363,Salaried,Graduate,Single,0,683778,240,589,No,Semiurban,1
34,Male,1465712,Self-Employed,Graduate,Married,1,1454050,12,372,Yes,Rural,0
29,Female,676249,Unemployed,Graduate,Single,2,596881,24,436,No,Urban,0
46,Male,686785,Salaried,Not Graduate,Married,2,1848336,60,692,Yes,Urban,0
22,Male,575767,Self-Employed,Graduate,Single,3,684153,36,507,No,Urban,0
40,Female,1979310,Self-Employed,Graduate,Single,2,1607541,240,559,No,Urban,1
48,Female,949687,Self-Employed,Graduate,Married,2,1027397,180,562,No,Rural,0
27,Female,285639,Salaried,Graduate,Single,4,747996,180,804,No,Urban,1
64,Female,910177,Self-Employed,Graduate,Single,4,512441,240,849,No,Rural,1
28,Male,1901939,Salaried,Not Graduate,Married,4,1007867,36,502,No,Urban,1
55,Male,1218965,Self-Employed,Not Graduate,Single,4,1285607,120,646,No,Urban,1
34,Female,1374171,Self-Employed,Graduate,Single,1,791277,180,351,No,Semiurban,0
37,Female,1584522,Salaried,Graduate,Single,3,279701,60,892,No,Semiurban,1
56,Male,473720,Self-Employed,Graduate,Married,3,1056629,240,655,Yes,Rural,0
60,Female,1194846,Salaried,Graduate,Married,2,182192,240,818,No,Semiurban,1
24,Male,980351,Self-Employed,Graduate,Married,3,983995,240,662,Yes,Urban,0
22,Female,887463,Salaried,Graduate,Married,2,1142214,36,344,No,Rural,0
26,Male,153358,Salaried,Graduate,Married,3,1268710,120,677,No,Semiurban,1
62,Female,500679,Salaried,Graduate,Married,0,1890201,24,711,No,Urban,0
24,Female,651110,Unemployed,Graduate,Married,0,1056648,240,441,No,Semiurban,0
49,Male,1451133,Salaried,Graduate,Married,3,1113789,24,557,No,Semiurban,1
38,Female,357596,Salaried,Graduate,Single,1,1877150,60,336,No,Semiurban,0
46,Male,1977352,Salaried,Graduate,Single,2,1867851,60,344,No,Semiurban,0
64,Male,780270,Self-Employed,Not Graduate,Single,3,391910,360,345,No,Urban,0
54,Male,378129,Salaried,Graduate,Single,2,1837895,60,864,No,Semiurban,1
30,Male,1990706,Salaried,Not Graduate,Married,4,1771123,180,600,No,Rural,0
56,Male,478953,Salaried,Graduate,Single,3,715400,60,587,Yes,Rural,0
34,Female,767367,Salaried,Graduate,Single,1,771662,360,568,No,Semiurban,1
51,Female,1254381,Salaried,Graduate,Single,4,1652813,240,361,No,Rural,0
35,Male,312421,Salaried,Graduate,Single,3,817360,36,865,No,Semiurban,1
28,Female,1406425,Self-Employed,Not Graduate,Single,0,1495319,36,880,No,Urban,1
34,Male,1011465,Salaried,Graduate,Married,3,822354,120,541,No,Urban,1
43,Female,388483,Salaried,Graduate,Married,0,1568349,36,653,No,Rural,1
60,Female,542551,Salaried,Graduate,Single,0,264480,360,370,No,Rural,1
41,Female,1242617,Unemployed,Not Graduate,Single,3,1463153,180,712,Yes,Semiurban,0
36,Female,420146,Unemployed,Graduate,Single,3,782654,360,360,Yes,Semiurban,0
38,Male,1530503,Self-Employed,Not Graduate,Single,0,461973,24,751,Yes,Semiurban,1
44,Male,257524,Salaried,Not Graduate,Married,2,1910420,360,692,Yes,Urban,0
46,Female,368306,Salaried,Graduate,Single,4,561213,120,828,Yes,Semiurban,1
45,Female,1061289,Salaried,Not Graduate,Married,1,564738,36,604,Yes,Urban,1
61,Male,694026,Salaried,Not Graduate,Single,3,1243960,60,490,Yes,Rural,0
49,Female,1995711,Salaried,Graduate,Married,4,465335,36,377,No,Urban,1
35,Male,263776,Self-Employed,Graduate,Married,4,1241452,12,857,Yes,Rural,0
21,Male,330494,Self-Employed,Graduate,Married,2,1807922,120,824,No,Urban,1
45,Male,342971,Self-Employed,Graduate,Single,4,1669409,240,600,No,Urban,0
27,Female,1079896,Salaried,Graduate,Single,3,388663,240,316,No,Semiurban,1
29,Male,427785,Self-Employed,Graduate,Married,4,735359,180,873,No,Rural,1
44,Female,1540254,Salaried,Graduate,Single,3,1456813,36,733,No,Urban,1
21,Male,418449,Salaried,Graduate,Single,3,1007262,36,342,No,Urban,0
64,Female,903622,Self-Employed,Graduate,Married,0,930756,180,367,Yes,Rural,0
28,Female,1479502,Salaried,Not Graduate,Single,2,512735,360,679,No,Urban,1
44,Female,1538977,Salaried,Not Graduate,Married,1,1626632,24,511,No,Rural,0
31,Male,386371,Salaried,Graduate,Single,0,313648,60,502,No,Rural,1
37,Male,752251,Self-Employed,Graduate,Single,1,1088985,360,408,No,Rural,0
28,Female,796275,Self-Employed,Graduate,Married,3,380130,60,583,No,Urban,1
55,Female,1874502,Salaried,Not Graduate,Married,0,519988,24,524,Yes,Urban,1
55,Female,274591,Self-Employed,Graduate,Married,4,953153,24,417,Yes,Semiurban,0
53,Male,742054,Salaried,Graduate,Married,4,1630866,12,639,No,Rural,0
25,Male,680799,Salaried,Not Graduate,Single,1,125427,360,580,No,Urban,1
62,Male,789104,Self-Employed,Not Graduate,Single,3,1399507,180,790,Yes,Urban,0
59,Male,650981,Self-Employed,Not Graduate,Single,1,63898,120,318,No,Rural,0
61,Female,923720,Unemployed,Not Graduate,Married,2,977976,60,474,Yes,Rural,0
48,Female,1093681,Salaried,Graduate,Single,4,1179376,24,768,No,Rural,1
27,Male,416909,Self-Employed,Graduate,Single,0,1837163,24,441,No,Semiurban,0
29,Male,1350002,Self-Employed,Graduate,Single,0,421167,180,762,No,Semiurban,1
28,Female,1484649,Unemployed,Graduate,Married,0,1000136,240,597,Yes,Semiurban,0
32,Male,1358468,Salaried,Not Graduate,Married,4,1225294,120,769,No,Rural,1
54,Male,1310152,Self-Employed,Graduate,Single,3,608031,24,672,No,Urban,1
53,Male,1621315,Self-Employed,Graduate,Single,4,1832474,240,767,Yes,Rural,1
43,Male,1793952,Salaried,Not Graduate,Married,4,817877,12,737,Yes,Urban,1
44,Male,1133667,Salaried,Graduate,Married,0,1273034,120,742,No,Semiurban,1
57,Male,1276101,Salaried,Not Graduate,Married,4,180864,240,755,No,Semiurban,1
55,Female,163780,Self-Employed,Not Graduate,Married,0,1250971,12,547,Yes,Semiurban,0
64,Male,418733,Self-Employed,Graduate,Single,3,1561061,36,441,No,Urban,0
60,Male,1030096,Self-Employed,Graduate,Married,2,1270967,60,701,No,Urban,1
42,Female,1113443,Self-Employed,Graduate,Single,0,1639732,24,521,Yes,Rural,0
47,Female,1643285,Salaried,Graduate,Married,1,280804,240,483,No,Rural,1
55,Female,254188,Salaried,Graduate,Single,2,838512,120,663,Yes,Rural,0
21,Male,767614,Salaried,Graduate,Single,3,1243424,12,487,Yes,Semiurban,0
55,Female,977385,Salaried,Not Graduate,Married,2,1295879,60,412,Yes,Rural,0
57,Male,740073,Salaried,Graduate,Single,0,1283460,360,480,No,Semiurban,1
34,Male,1742173,Salaried,Not Graduate,Single,3,1686135,60,498,No,Urban,1
23,Male,1777059,Salaried,Graduate,Single,1,1176161,360,369,Yes,Semiurban,1
21,Female,1224477,Salaried,Graduate,Married,0,1550334,360,897,No,Semiurban,1
25,Female,1877512,Salaried,Not Graduate,Married,0,1222723,24,784,No,Semiurban,1
46,Female,1623300,Salaried,Graduate,Married,3,1114204,240,698,Yes,Urban,1
34,Female,617927,Salaried,Graduate,Single,3,437994,360,850,No,Urban,1
59,Female,1748328,Unemployed,Graduate,Single,2,1358093,60,309,No,Rural,0
47,Male,1476980,Self-Employed,Not Graduate,Single,1,189337,24,302,No,Rural,0
29,Male,799285,Self-Employed,Graduate,Single,2,1489592,240,777,No,Rural,1
35,Male,447584,Salaried,Graduate,Married,2,848892,360,366,No,Urban,0
35,Male,1555802,Self-Employed,Graduate,Single,0,309970,240,396,No,Urban,1
46,Female,1042015,Self-Employed,Not Graduate,Single,3,1626341,36,830,Yes,Urban,0
62,Female,730971,Self-Employed,Not Graduate,Single,0,838634,24,617,No,Urban,0
33,Male,536350,Salaried,Graduate,Married,1,1212422,180,397,No,Urban,0
52,Female,322502,Self-Employed,Not Graduate,Single,2,925842,360,356,Yes,Semiurban,0
59,Female,1706570,Self-Employed,Graduate,Married,1,294000,12,406,No,Rural,1
52,Male,1879041,Self-Employed,Graduate,Married,3,1991761,180,387,No,Semiurban,0
24,Male,1801348,Self-Employed,Graduate,Single,3,323994,240,670,No,Rural,1
50,Female,924107,Salaried,Graduate,Single,4,1858557,240,674,Yes,Semiurban,0
57,Female,1004741,Salaried,Graduate,Single,1,708166,60,351,No,Urban,0
43,Male,982359,Salaried,Graduate,Single,0,974667,60,340,No,Rural,1
59,Male,1405062,Self-Employed,Graduate,Married,1,406512,60,390,Yes,Semiurban,1
35,Male,1062935,Salaried,Not Graduate,Married,2,836617,240,338,Yes,Rural,0
63,Female,599777,Salaried,Graduate,Married,3,1123294,24,312,No,Urban,0
49,Male,291449,Salaried,Graduate,Married,3,1810138,120,403,Yes,Urban,0
56,Male,727880,Salaried,Not Graduate,Married,1,1779151,24,342,Yes,Rural,0
33,Female,1336995,Salaried,Graduate,Married,1,1520117,12,508,No,Rural,0
52,Female,445920,Self-Employed,Graduate,Married,1,1903466,24,899,No,Urban,1
27,Female,1071287,Self-Employed,Not Graduate,Married,2,1228869,60,775,No,Urban,1
42,Female,1778662,Salaried,Graduate,Married,2,1483062,36,408,No,Urban,0
48,Female,285370,Salaried,Graduate,Married,0,721366,12,858,No,Semiurban,1
22,Male,1006636,Salaried,Graduate,Single,1,799440,180,513,No,Rural,1
62,Male,1022639,Self-Employed,Not Graduate,Single,0,476185,36,708,Yes,Urban,1
26,Female,598377,Salaried,Graduate,Single,4,651108,12,852,No,Rural,1
48,Female,997084,Salaried,Not Graduate,Married,2,940446,12,376,No,Semiurban,0
48,Female,641830,Salaried,Graduate,Single,3,1097197,240,394,No,Semiurban,0
64,Female,1066004,Self-Employed,Graduate,Married,4,1085357,60,568,No,Urban,1
64,Female,393767,Self-Employed,Not Graduate,Married,3,470871,240,660,Yes,Rural,0
40,Male,1743786,Self-Employed,Graduate,Single,4,1848615,360,829,No,Semiurban,1
50,Male,577244,Self-Employed,Graduate,Married,0,131234,180,461,No,Rural,1
31,Male,654677,Salaried,Graduate,Single,0,1752146,24,764,No,Rural,1
48,Male,1612108,Salaried,Not Graduate,Married,2,543622,240,863,No,Urban,1
45,Female,1013428,Salaried,Graduate,Married,3,321246,360,847,Yes,Semiurban,1
59,Male,1608760,Salaried,Graduate,Single,4,903539,180,486,Yes,Semiurban,0
53,Female,966698,Salaried,Graduate,Single,1,284501,60,351,Yes,Semiurban,0
21,Female,668895,Salaried,Not Graduate,Single,1,1749192,60,787,No,Rural,0
47,Female,1425393,Salaried,Graduate,Single,2,989057,360,830,Yes,Semiurban,1
33,Male,567216,Unemployed,Graduate,Single,3,1182655,240,695,No,Semiurban,0
61,Female,1081515,Self-Employed,Graduate,Single,1,1489889,60,391,No,Rural,0
23,Male,1201442,Self-Employed,Graduate,Married,2,668725,36,656,No,Semiurban,1
59,Male,262669,Self-Employed,Graduate,Married,2,1702434,180,443,Yes,Semiurban,0
26,Female,942330,Salaried,Graduate,Married,3,1715520,180,498,No,Rural,0
28,Female,430539,Self-Employed,Graduate,Married,1,247937,12,622,No,Semiurban,1
47,Female,1892955,Salaried,Not Graduate,Single,1,430445,120,631,No,Urban,1
29,Male,1170747,Self-Employed,Not Graduate,Married,1,1795356,24,563,No,Rural,0
57,Female,416150,Salaried,Graduate,Married,0,206454,360,516,Yes,Semiurban,0
53,Male,839753,Unemployed,Not Graduate,Single,1,88795,60,855,Yes,Urban,1
62,Female,1995964,Salaried,Graduate,Married,4,1150001,180,733,No,Rural,1
64,Female,593258,Salaried,Not Graduate,Single,0,631690,180,759,No,Semiurban,1
44,Male,639415,Unemployed,Graduate,Single,0,505755,12,802,Yes,Rural,1
35,Male,1097135,Salaried,Graduate,Single,0,1830139,360,768,No,Urban,1
52,Male,1556396,Self-Employed,Not Graduate,Married,0,415271,24,665,No,Rural,1
52,Male,796012,Self-Employed,Not Graduate,Single,2,1861587,120,538,No,Semiurban,0
44,Male,1785765,Self-Employed,Graduate,Married,4,990963,120,880,Yes,Urban,1
61,Male,1043659,Unemployed,Graduate,Married,3,1934657,60,860,No,Rural,0
32,Female,874857,Unemployed,Graduate,Married,1,1302143,120,695,Yes,Semiurban,0
59,Female,638029,Salaried,Graduate,Single,0,669405,120,694,Yes,Semiurban,1
22,Male,1840056,Self-Employed,Graduate,Single,3,1360288,240,374,No,Urban,1
23,Female,322646,Self-Employed,Graduate,Single,2,514962,24,397,Yes,Urban,0
57,Male,1492137,Self-Employed,Not Graduate,Married,3,1831989,360,682,No,Rural,0
37,Female,500164,Salaried,Graduate,Married,0,1285926,24,669,Yes,Semiurban,1
22,Female,1544359,Self-Employed,Graduate,Single,4,390300,240,584,No,Urban,1
22,Male,1656798,Unemployed,Graduate,Married,3,479960,60,555,No,Semiurban,1
48,Male,1293457,Unemployed,Graduate,Single,0,1449060,180,608,No,Rural,0
43,Male,392934,Salaried,Graduate,Single,0,80568,12,475,No,Urban,1
57,Female,282659,Salaried,Graduate,Married,1,985495,60,527,No,Rural,1
52,Male,1844552,Salaried,Not Graduate,Married,1,1369632,36,646,No,Rural,1
53,Female,651323,Self-Employed,Not Graduate,Single,4,737887,120,641,No,Urban,1
21,Male,789872,Self-Employed,Graduate,Married,1,1063903,240,538,Yes,Rural,0
39,Female,1908646,Salaried,Graduate,Single,4,1411146,12,649,No,Semiurban,1
22,Female,897108,Salaried,Graduate,Single,2,1471083,180,754,No,Urban,1
64,Male,1012318,Salaried,Not Graduate,Married,2,280066,180,740,No,Semiurban,1
46,Female,1086320,Salaried,Not Graduate,Single,1,1351583,24,887,Yes,Rural,1
52,Female,1939760,Unemployed,Graduate,Married,2,544957,36,814,Yes,Urban,0
26,Male,965864,Self-Employed,Graduate,Single,3,52355,360,380,No,Semiurban,0
52,Female,1378265,Salaried,Not Graduate,Married,3,146429,180,660,No,Semiurban,1
24,Male,1533093,Salaried,Graduate,Married,3,1808669,36,587,No,Semiurban,0
31,Male,1363865,Salaried,Graduate,Single,2,1558077,120,307,Yes,Semiurban,0
37,Male,1481604,Unemployed,Not Graduate,Married,3,528187,24,386,Yes,Semiurban,0
58,Male,417598,Salaried,Not Graduate,Married,4,488949,12,585,No,Rural,1
44,Female,1797824,Salaried,Graduate,Single,0,1020220,24,698,No,Rural,1
25,Female,1300997,Salaried,Graduate,Married,1,161151,120,373,Yes,Rural,1
54,Female,1436821,Self-Employed,Graduate,Single,4,1399246,240,738,Yes,Rural,0
26,Male,1766482,Self-Employed,Graduate,Married,3,1903096,180,422,No,Rural,0
42,Female,1151452,Self-Employed,Graduate,Single,0,377521,36,676,No,Rural,1
31,Female,1245687,Salaried,Graduate,Single,1,225477,240,442,No,Rural,1
36,Male,582829,Salaried,Not Graduate,Single,4,1530634,120,457,No,Semiurban,0
53,Male,366750,Salaried,Not Graduate,Single,1,1684652,180,729,No,Rural,0
29,Female,270592,Self-Employed,Graduate,Married,2,554898,60,747,Yes,Semiurban,1
26,Male,384000,Salaried,Graduate,Single,3,625817,360,709,No,Urban,1
36,Male,930277,Self-Employed,Graduate,Married,4,162833,36,670,No,Rural,1
49,Male,472137,Self-Employed,Graduate,Single,4,1202154,120,408,No,Semiurban,0
23,Male,1327228,Self-Employed,Graduate,Married,0,1282031,12,335,No,Urban,0
40,Female,1076352,Salaried,Graduate,Single,0,555527,12,389,No,Urban,1
56,Male,658069,Salaried,Not Graduate,Married,0,613465,180,714,No,Semiurban,1
39,Male,1801536,Salaried,Graduate,Married,1,691191,180,595,No,Semiurban,1
46,Male,1973215,Self-Employed,Not Graduate,Single,3,1661920,12,345,No,Semiurban,0
23,Male,1002557,Self-Employed,Not Graduate,Single,1,531465,360,787,Yes,Rural,1
39,Male,1416092,Salaried,Graduate,Single,3,1689285,60,469,No,Urban,0
40,Male,529653,Salaried,Graduate,Married,4,1787568,24,445,No,Rural,0
52,Male,1260178,Self-Employed,Not Graduate,Married,1,1400405,12,719,Yes,Rural,0
27,Male,353117,Self-Employed,Not Graduate,Married,1,1306870,360,872,Yes,Rural,1
61,Female,387069,Salaried,Graduate,Married,1,118590,360,302,No,Urban,1
53,Male,716510,Self-Employed,Graduate,Single,2,1369697,180,893,No,Urban,1
60,Female,1439660,Salaried,Graduate,Single,3,927000,180,562,Yes,Urban,1
59,Male,1440894,Salaried,Not Graduate,Single,3,885399,60,620,No,Semiurban,1
38,Male,1788197,Unemployed,Graduate,Single,1,1434792,12,875,No,Rural,0
60,Male,858092,Self-Employed,Graduate,Married,2,458286,60,545,No,Semiurban,1
21,Male,1583370,Self-Employed,Not Graduate,Married,1,1574265,360,888,Yes,Semiurban,1
31,Female,1247996,Salaried,Graduate,Single,3,857932,12,776,No,Rural,1
48,Male,749792,Self-Employed,Graduate,Married,4,549203,24,558,Yes,Urban,0
45,Male,1725326,Salaried,Graduate,Single,2,951907,120,392,No,Rural,0
43,Female,421604,Salaried,Not Graduate,Married,2,584299,12,832,No,Semiurban,1
51,Female,773607,Salaried,Graduate,Married,1,229111,120,873,No,Urban,1
50,Male,1979538,Salaried,Graduate,Married,4,452112,12,638,No,Urban,1
62,Female,814635,Self-Employed,Graduate,Married,3,407479,24,559,Yes,Semiurban,1
55,Female,818629,Self-Employed,Graduate,Married,0,1047622,360,536,No,Urban,1
27,Female,1852457,Salaried,Graduate,Married,3,1531750,240,440,No,Urban,0
36,Male,1321248,Salaried,Graduate,Single,3,1533704,180,779,No,Rural,1
46,Male,1657734,Salaried,Graduate,Married,4,50814,120,878,No,Rural,1
22,Male,1533640,Salaried,Not Graduate,Single,2,518492,360,649,Yes,Semiurban,1
21,Female,663953,Self-Employed,Not Graduate,Single,3,1516511,60,869,Yes,Semiurban,1
32,Male,567582,Self-Employed,Graduate,Single,2,1068585,12,429,Yes,Semiurban,0
25,Female,194036,Salaried,Graduate,Single,4,1380870,180,836,No,Urban,1
57,Male,1347017,Salaried,Graduate,Single,4,53825,12,310,Yes,Semiurban,0
52,Male,292867,Self-Employed,Not Graduate,Single,1,624656,60,556,Yes,Rural,0
29,Female,1268597,Self-Employed,Graduate,Married,0,458016,360,668,No,Urban,1
61,Male,519349,Salaried,Graduate,Married,4,1174111,24,693,Yes,Semiurban,0
55,Female,1659946,Salaried,Graduate,Married,4,136390,36,892,Yes,Urban,1
39,Female,835503,Self-Employed,Graduate,Single,2,1603060,12,718,No,Urban,0
36,Male,572641,Salaried,Graduate,Single,4,273923,240,318,Yes,Urban,0
23,Female,487283,Salaried,Graduate,Single,3,1727940,60,409,No,Semiurban,0
40,Male,910592,Self-Employed,Graduate,Married,1,780377,36,736,No,Urban,1
44,Male,1728232,Self-Employed,Not Graduate,Married,1,229577,12,804,Yes,Urban,1
53,Female,1858557,Self-Employed,Graduate,Married,3,1876341,120,333,No,Urban,0
44,Male,733117,Self-Employed,Graduate,Single,4,1680763,360,587,No,Rural,0
31,Female,541180,Self-Employed,Graduate,Single,0,788142,180,554,No,Semiurban,0
28,Male,1652086,Salaried,Graduate,Single,4,859033,180,433,No,Rural,1
56,Male,951151,Salaried,Graduate,Married,1,1240325,60,798,No,Urban,1
58,Male,1752091,Salaried,Graduate,Single,0,472768,120,696,Yes,Urban,1
60,Male,783718,Salaried,Graduate,Single,2,1883185,24,786,No,Rural,1
40,Male,550782,Self-Employed,Graduate,Single,2,1841794,36,897,No,Urban,1
55,Female,162306,Self-Employed,Graduate,Single,4,511107,60,886,No,Rural,1
45,Female,728110,Unemployed,Graduate,Married,4,543915,240,512,No,Urban,0
55,Female,174042,Self-Employed,Not Graduate,Married,0,1221931,12,649,Yes,Urban,0
45,Female,558302,Salaried,Graduate,Single,0,1976458,180,318,No,Urban,0
49,Female,822747,Salaried,Graduate,Single,4,214364,12,418,No,Urban,0
38,Female,763712,Self-Employed,Graduate,Married,1,178424,36,601,No,Semiurban,1
38,Male,1381266,Self-Employed,Graduate,Married,2,175451,120,584,Yes,Semiurban,1
22,Male,897410,Self-Employed,Graduate,Single,0,378241,120,526,No,Semiurban,1
55,Female,299395,Self-Employed,Graduate,Married,1,1827639,60,806,No,Rural,1
36,Female,1740883,Self-Employed,Not Graduate,Married,4,721544,60,800,Yes,Rural,1
61,Male,1011858,Self-Employed,Graduate,Single,3,1057537,120,511,Yes,Rural,0
56,Male,1763727,Salaried,Graduate,Married,0,1318984,60,655,Yes,Rural,1
53,Male,1188457,Self-Employed,Not Graduate,Married,3,1028550,120,786,No,Semiurban,1
24,Female,785311,Self-Employed,Not Graduate,Married,1,1427461,36,620,No,Rural,1
53,Female,1864219,Salaried,Graduate,Married,2,635665,60,522,No,Rural,1
34,Female,1085783,Self-Employed,Graduate,Single,1,1503831,120,862,Yes,Rural,1
41,Male,1507719,Salaried,Graduate,Married,2,619449,60,490,No,Urban,1
40,Male,212780,Unemployed,Graduate,Married,1,740366,12,799,No,Rural,1
28,Female,959340,Salaried,Graduate,Single,0,198616,360,794,No,Urban,1
27,Female,1915520,Self-Employed,Graduate,Married,0,1635851,180,536,Yes,Rural,1
23,Male,1586998,Salaried,Not Graduate,Single,3,579527,12,321,Yes,Rural,0
37,Male,1642017,Self-Employed,Graduate,Single,1,619073,24,626,No,Urban,1
53,Male,1891888,Salaried,Graduate,Married,1,73358,120,844,No,Rural,1
32,Male,1299282,Salaried,Graduate,Married,3,1475479,24,426,No,Urban,0
42,Female,1891599,Salaried,Not Graduate,Married,4,525890,120,664,Yes,Rural,1
42,Male,272019,Unemployed,Graduate,Married,1,1286098,360,343,No,Rural,0
50,Male,521852,Salaried,Graduate,Married,1,269592,180,818,Yes,Urban,1
58,Male,1915317,Salaried,Graduate,Single,1,209500,60,427,No,Semiurban,1
58,Female,329001,Self-Employed,Graduate,Married,4,1107672,120,429,No,Urban,0
28,Female,945775,Salaried,Graduate,Single,0,1146158,360,828,No,Semiurban,1
47,Male,1298836,Unemployed,Graduate,Married,3,762755,12,620,No,Urban,0
47,Male,1369439,Salaried,Graduate,Single,4,948027,60,485,No,Semiurban,1
54,Male,834494,Self-Employed,Graduate,Married,2,1559949,180,647,No,Rural,0
41,Female,1179870,Salaried,Graduate,Married,2,1724358,12,780,No,Semiurban,1
50,Female,1901037,Salaried,Graduate,Married,4,1430204,60,886,No,Rural,1
53,Female,743731,Self-Employed,Graduate,Married,4,837719,120,660,Yes,Urban,1
48,Male,904471,Self-Employed,Graduate,Married,0,1808446,120,586,No,Semiurban,0
53,Female,469674,Self-Employed,Graduate,Single,2,1646766,12,481,Yes,Rural,0
25,Male,1638591,Salaried,Graduate,Married,3,1416908,36,750,Yes,Urban,1
39,Male,810187,Salaried,Not Graduate,Married,1,425038,120,396,No,Semiurban,1
24,Male,246143,Salaried,Graduate,Married,1,1512956,360,862,No,Rural,1
55,Female,1916589,Unemployed,Graduate,Single,0,1966212,36,613,No,Semiurban,0
37,Male,294771,Salaried,Graduate,Married,0,1231420,60,845,No,Semiurban,1
64,Female,1170332,Salaried,Not Graduate,Single,2,1282702,36,320,No,Rural,0
48,Female,1705289,Salaried,Not Graduate,Married,3,1022382,12,875,No,Rural,1
50,Male,1158923,Self-Employed,Graduate,Single,3,701088,24,796,No,Urban,1
49,Male,1050959,Salaried,Graduate,Married,4,1858440,24,702,No,Rural,1
26,Female,1970908,Unemployed,Graduate,Married,0,1419013,12,423,Yes,Rural,0
55,Male,810673,Salaried,Graduate,Single,1,524514,240,418,Yes,Semiurban,0
61,Female,1867534,Self-Employed,Not Graduate,Married,1,581501,360,889,No,Rural,1
57,Male,261362,Salaried,Graduate,Single,2,1375661,24,776,No,Semiurban,1
44,Female,1969381,Self-Employed,Graduate,Married,1,932313,12,402,Yes,Semiurban,1
49,Female,1489527,Unemployed,Not Graduate,Married,3,459180,120,632,No,Rural,0
51,Female,1923326,Salaried,Not Graduate,Single,3,1125431,36,758,No,Rural,1
55,Female,326298,Unemployed,Graduate,Married,0,1026273,24,429,No,Rural,0
53,Male,733838,Salaried,Graduate,Single,2,1051008,120,433,No,Rural,0
41,Male,623288,Unemployed,Graduate,Single,1,1623910,24,456,No,Urban,0
52,Female,415702,Self-Employed,Not Graduate,Married,0,851341,60,724,No,Semiurban,1
43,Female,1142812,Salaried,Not Graduate,Married,4,784474,12,734,No,Urban,1
53,Male,462257,Salaried,Graduate,Married,4,466584,12,688,No,Urban,1
23,Male,1909814,Salaried,Graduate,Single,1,1477573,360,617,No,Semiurban,1
38,Male,1103847,Salaried,Not Graduate,Single,1,144135,120,804,No,Urban,1
45,Male,1256795,Salaried,Graduate,Married,1,645543,240,489,Yes,Rural,1
62,Male,1889122,Salaried,Graduate,Single,3,1311144,60,710,Yes,Rural,1
51,Male,1104470,Salaried,Not Graduate,Single,1,1843078,36,351,No,Rural,0
23,Female,839129,Self-Employed,Graduate,Single,4,1869800,360,860,No,Rural,1
60,Male,925292,Salaried,Graduate,Single,1,1507416,60,745,No,Semiurban,1
44,Male,1980200,Salaried,Not Graduate,Married,2,285787,240,743,No,Rural,1
52,Female,386495,Self-Employed,Not Graduate,Married,4,1467098,60,681,Yes,Semiurban,0
42,Male,1776082,Salaried,Graduate,Married,2,846784,180,673,Yes,Semiurban,1
43,Male,431373,Salaried,Graduate,Single,4,408565,36,865,No,Semiurban,1
22,Male,1750741,Salaried,Graduate,Single,0,916971,360,674,Yes,Semiurban,1
47,Male,339073,Unemployed,Graduate,Single,4,1369943,36,688,No,Urban,0
62,Male,509281,Self-Employed,Graduate,Single,4,1347624,60,778,No,Urban,1
22,Female,974516,Salaried,Not Graduate,Married,2,914686,360,703,No,Rural,0
46,Male,1018212,Self-Employed,Graduate,Single,2,1951859,24,892,No,Semiurban,1
37,Female,1160396,Salaried,Graduate,Single,4,100044,180,767,No,Rural,1
60,Female,1346454,Self-Employed,Graduate,Married,4,1054593,24,896,No,Rural,1
53,Male,369707,Self-Employed,Not Graduate,Married,3,926650,60,804,No,Rural,1
29,Female,391249,Self-Employed,Graduate,Married,0,659288,24,382,No,Rural,0
63,Male,1235610,Salaried,Graduate,Single,0,1992248,36,618,No,Semiurban,1
59,Female,321389,Salaried,Graduate,Single,1,777362,360,366,Yes,Semiurban,0
49,Female,1610886,Salaried,Graduate,Single,4,1391748,36,713,No,Urban,1
62,Male,1911732,Self-Employed,Graduate,Single,4,1932961,24,752,No,Semiurban,0
46,Male,1209165,Self-Employed,Graduate,Single,4,107965,360,497,Yes,Semiurban,1
55,Male,1255797,Self-Employed,Graduate,Single,4,1333042,36,558,Yes,Rural,1
45,Male,1454503,Unemployed,Graduate,Married,0,119776,12,597,Yes,Semiurban,0
44,Male,1986665,Salaried,Graduate,Single,2,343603,36,579,No,Rural,1
33,Female,1559020,Self-Employed,Graduate,Married,3,140932,60,599,No,Semiurban,1
27,Female,791517,Self-Employed,Graduate,Married,2,918763,120,428,Yes,Urban,0
56,Female,975963,Unemployed,Graduate,Married,2,730049,24,797,No,Rural,1
40,Female,726515,Unemployed,Graduate,Single,0,1572238,180,737,No,Semiurban,0
21,Female,415308,Self-Employed,Graduate,Single,3,380126,240,591,No,Semiurban,1
28,Female,243078,Salaried,Graduate,Married,4,446562,24,506,No,Rural,1
36,Female,977679,Self-Employed,Graduate,Single,0,226251,240,593,Yes,Urban,1
34,Male,909401,Salaried,Graduate,Single,0,1737637,240,328,No,Urban,0
32,Male,724887,Self-Employed,Graduate,Married,3,876949,36,478,No,Semiurban,0
43,Female,614761,Unemployed,Not Graduate,Single,1,381822,36,340,No,Semiurban,0
35,Female,1969231,Salaried,Not Graduate,Single,0,262678,360,769,No,Semiurban,1
48,Male,1708244,Self-Employed,Graduate,Single,2,424635,360,491,No,Rural,1
54,Male,1076921,Salaried,Graduate,Single,2,909055,120,643,Yes,Rural,1
22,Male,1388227,Salaried,Graduate,Married,4,532504,120,577,No,Rural,1
52,Male,1699317,Salaried,Graduate,Married,0,1310819,180,654,No,Semiurban,1
43,Female,218207,Self-Employed,Graduate,Single,4,1579546,60,828,Yes,Urban,0
42,Male,484199,Unemployed,Graduate,Single,0,1458129,12,385,Yes,Rural,0
45,Female,1038698,Unemployed,Graduate,Single,3,360719,60,616,No,Urban,0
42,Female,1538990,Salaried,Not Graduate,Married,0,1993509,360,636,No,Semiurban,1
42,Female,261426,Self-Employed,Graduate,Single,1,1405759,180,444,Yes,Rural,0
62,Male,1709657,Self-Employed,Not Graduate,Single,2,755315,24,614,No,Rural,1
26,Male,284794,Salaried,Not Graduate,Married,3,1178836,36,524,No,Rural,0
35,Female,1556352,Salaried,Graduate,Single,2,630159,60,722,No,Semiurban,1
63,Female,1893967,Salaried,Graduate,Married,4,241750,240,353,Yes,Semiurban,1
57,Female,1933171,Unemployed,Graduate,Single,3,695061,36,367,No,Semiurban,0
53,Male,695726,Self-Employed,Graduate,Married,1,474567,36,633,Yes,Urban,1
28,Female,733107,Self-Employed,Graduate,Single,2,634981,60,376,No,Urban,0
64,Male,193856,Salaried,Graduate,Single,0,867865,60,838,No,Rural,1
64,Female,1625368,Self-Employed,Graduate,Married,0,1173373,240,454,No,Rural,0
25,Female,592244,Salaried,Not Graduate,Married,0,260087,360,371,No,Semiurban,0
59,Female,1258383,Salaried,Graduate,Married,3,852236,240,800,Yes,Semiurban,1
24,Male,986309,Self-Employed,Not Graduate,Married,1,1846717,120,746,No,Semiurban,0
26,Male,640999,Salaried,Graduate,Married,1,881533,360,858,Yes,Rural,1
52,Female,1242037,Self-Employed,Not Graduate,Single,1,765475,180,658,No,Semiurban,1
50,Male,767762,Salaried,Graduate,Married,2,652651,180,576,Yes,Urban,1
55,Female,495280,Self-Employed,Graduate,Married,3,1086374,240,612,No,Urban,0
60,Male,1481155,Salaried,Not Graduate,Married,0,1206480,12,404,No,Rural,0
36,Male,1938053,Self-Employed,Graduate,Married,2,1405420,360,394,No,Rural,0
33,Male,557407,Salaried,Graduate,Single,1,689240,240,518,Yes,Urban,0
62,Female,1021158,Salaried,Graduate,Single,0,389720,120,427,No,Semiurban,1
50,Male,1453306,Unemployed,Graduate,Single,3,1642341,12,499,Yes,Rural,0
39,Male,1445308,Salaried,Graduate,Single,4,328271,60,631,No,Rural,1
37,Female,570602,Self-Employed,Not Graduate,Single,1,1316366,180,846,No,Rural,1
39,Female,1885657,Unemployed,Graduate,Married,1,1648913,180,591,No,Urban,0
48,Female,1777650,Salaried,Graduate,Single,1,1057567,12,365,No,Rural,0
46,Female,425848,Salaried,Not Graduate,Single,1,572471,24,867,Yes,Urban,1
57,Male,206635,Self-Employed,Graduate,Married,0,586761,120,703,No,Urban,1
46,Male,1069627,Unemployed,Graduate,Married,3,1836181,120,895,Yes,Semiurban,0
43,Male,1551430,Unemployed,Not Graduate,Single,2,1329158,120,445,No,Semiurban,0
29,Male,915197,Salaried,Graduate,Single,0,898268,180,829,No,Semiurban,1
32,Male,395984,Self-Employed,Graduate,Married,3,354608,36,701,No,Rural,1
21,Female,1523713,Salaried,Graduate,Single,2,1636578,180,424,No,Urban,1
21,Male,1311328,Unemployed,Graduate,Married,1,1421598,36,813,No,Rural,1
54,Male,1409770,Unemployed,Graduate,Married,3,1001712,180,631,No,Urban,0
52,Male,378584,Salaried,Graduate,Single,1,409625,360,779,No,Rural,1
45,Female,1617208,Salaried,Not Graduate,Single,3,1054608,60,697,No,Urban,1
60,Female,282886,Salaried,Graduate,Single,4,1042187,180,329,No,Semiurban,0
21,Male,1277113,Salaried,Graduate,Married,1,262875,360,355,Yes,Semiurban,0
36,Female,986690,Self-Employed,Not Graduate,Married,1,877946,360,431,No,Rural,0
59,Female,1870444,Salaried,Graduate,Single,1,1195564,60,530,Yes,Urban,1
25,Female,235166,Salaried,Not Graduate,Single,0,1365856,360,694,No,Semiurban,1
42,Female,1932852,Salaried,Graduate,Single,2,1196691,36,451,Yes,Urban,1
49,Female,525854,Unemployed,Not Graduate,Married,1,81516,120,801,No,Rural,1
23,Female,1496419,Self-Employed,Graduate,Married,1,389126,36,805,No,Semiurban,1
32,Female,458479,Salaried,Graduate,Married,0,1555670,12,685,Yes,Rural,1
46,Male,1014285,Salaried,Graduate,Single,0,95099,120,832,No,Rural,1
36,Male,1917704,Unemployed,Graduate,Married,4,926492,180,747,No,Urban,0
57,Female,447883,Self-Employed,Not Graduate,Married,3,1636052,180,879,Yes,Rural,1
42,Male,709073,Salaried,Graduate,Single,1,811733,180,425,No,Rural,0
49,Male,313052,Salaried,Graduate,Married,3,685361,180,854,Yes,Urban,1
34,Female,906079,Salaried,Not Graduate,Single,0,887620,180,788,Yes,Urban,1
48,Male,1686494,Salaried,Graduate,Married,0,1484797,36,745,No,Rural,1
25,Female,1593401,Self-Employed,Graduate,Single,4,579848,240,769,No,Semiurban,1
50,Female,216253,Unemployed,Graduate,Single,2,554373,60,648,No,Semiurban,0
25,Female,628697,Salaried,Graduate,Married,0,158763,240,807,No,Urban,1
32,Male,765416,Self-Employed,Graduate,Single,1,1528189,36,756,No,Rural,0
36,Male,311081,Salaried,Not Graduate,Married,4,520409,24,684,No,Semiurban,1
46,Male,1064013,Self-Employed,Graduate,Single,2,1484371,360,747,No,Urban,1
46,Male,785254,Self-Employed,Graduate,Single,4,1923090,240,414,Yes,Urban,0
41,Female,1336430,Salaried,Not Graduate,Single,0,265448,36,751,No,Urban,1
59,Female,773640,Salaried,Graduate,Married,2,1140006,360,418,No,Rural,0
56,Male,569149,Self-Employed,Graduate,Single,3,1542314,120,392,No,Urban,0
53,Female,1862243,Salaried,Graduate,Single,2,1663261,180,820,Yes,Semiurban,1
50,Female,897567,Salaried,Graduate,Married,1,257932,36,884,No,Rural,1
57,Male,1960145,Salaried,Graduate,Single,3,179189,240,837,Yes,Semiurban,1
43,Female,782585,Unemployed,Graduate,Single,3,1648111,60,732,No,Semiurban,0
30,Male,1929810,Salaried,Graduate,Single,1,1050598,240,444,No,Semiurban,1
25,Female,712634,Self-Employed,Not Graduate,Single,3,1082302,180,367,No,Rural,0
56,Male,1310714,Salaried,Graduate,Married,0,1249591,240,430,No,Semiurban,1
54,Female,462916,Self-Employed,Not Graduate,Single,2,1793396,12,580,No,Urban,0
51,Female,190149,Self-Employed,Graduate,Single,2,1664850,24,865,Yes,Urban,1
30,Male,498844,Self-Employed,Graduate,Married,1,356658,120,812,No,Semiurban,1
39,Male,1881462,Salaried,Graduate,Single,0,261980,60,300,No,Urban,1
52,Male,1033190,Self-Employed,Not Graduate,Single,3,980135,24,731,No,Rural,1
21,Male,1677504,Self-Employed,Graduate,Married,2,1689872,36,690,No,Rural,1
25,Female,278447,Salaried,Graduate,Married,2,1780891,24,565,Yes,Urban,0
24,Female,611693,Salaried,Not Graduate,Married,2,1932375,180,698,No,Urban,0
36,Male,1204271,Salaried,Graduate,Married,2,1522594,180,555,No,Rural,1
44,Female,1762033,Salaried,Not Graduate,Single,4,120408,12,694,Yes,Semiurban,1
36,Male,984379,Self-Employed,Graduate,Married,1,1322731,360,473,Yes,Rural,0
22,Male,1376872,Salaried,Not Graduate,Single,3,879773,24,344,No,Semiurban,0
48,Female,982297,Salaried,Not Graduate,Married,3,194763,240,440,No,Urban,1
52,Female,830913,Self-Employed,Graduate,Single,1,1470506,24,838,No,Urban,1
47,Male,1565221,Salaried,Graduate,Married,0,1365473,180,349,No,Semiurban,0
40,Male,1521130,Salaried,Graduate,Married,1,1624697,360,360,No,Semiurban,0
44,Male,1564474,Salaried,Not Graduate,Single,2,1858168,36,542,No,Rural,0
32,Female,503039,Unemployed,Graduate,Married,2,1369365,36,568,No,Semiurban,0
55,Female,1092320,Self-Employed,Graduate,Married,1,286192,120,439,Yes,Urban,0
53,Female,1908962,Self-Employed,Graduate,Married,1,1476148,240,456,No,Urban,0
53,Female,1511425,Salaried,Graduate,Single,3,408121,240,896,Yes,Urban,1
63,Male,342994,Self-Employed,Graduate,Married,3,614312,36,895,No,Semiurban,1
57,Male,1576420,Salaried,Graduate,Married,4,1871004,24,575,No,Semiurban,1
32,Male,1010346,Salaried,Graduate,Single,4,1731717,12,330,No,Urban,0
23,Male,1200457,Salaried,Graduate,Single,2,1310246,36,307,Yes,Semiurban,0
21,Male,459509,Self-Employed,Graduate,Married,4,1239283,240,332,Yes,Rural,0
53,Male,1719720,Salaried,Graduate,Single,4,1774000,240,751,No,Rural,1
60,Female,1277787,Salaried,Not Graduate,Single,0,1632804,180,748,No,Semiurban,1
30,Female,1137626,Salaried,Not Graduate,Single,1,871601,180,336,No,Semiurban,1
63,Male,1354654,Salaried,Graduate,Married,3,390791,120,333,No,Urban,1
64,Male,1501918,Self-Employed,Graduate,Married,4,290739,360,754,No,Semiurban,1
49,Female,1090335,Salaried,Graduate,Single,3,1668064,120,743,Yes,Urban,0
33,Female,1624235,Self-Employed,Graduate,Married,4,237401,24,536,Yes,Rural,0
32,Female,1109820,Salaried,Graduate,Single,4,494374,36,511,Yes,Semiurban,1
51,Female,1425779,Self-Employed,Graduate,Married,2,1783675,36,439,No,Rural,0
22,Male,869846,Self-Employed,Graduate,Single,0,289354,120,660,Yes,Semiurban,1
55,Male,1859813,Salaried,Not Graduate,Married,1,198865,36,603,Yes,Semiurban,1
43,Male,1238129,Salaried,Graduate,Single,1,1706546,24,595,No,Urban,1
37,Male,1705929,Self-Employed,Graduate,Married,2,83677,12,451,No,Urban,1
46,Male,1596714,Self-Employed,Graduate,Married,2,1558088,360,522,No,Semiurban,1
28,Female,1059210,Salaried,Not Graduate,Single,1,859454,180,495,No,Semiurban,1
49,Male,810046,Salaried,Graduate,Married,1,1038652,24,899,Yes,Urban,1
46,Female,182766,Self-Employed,Graduate,Married,0,208337,36,598,No,Rural,0
30,Male,705710,Self-Employed,Graduate,Married,4,574818,24,828,Yes,Semiurban,1
46,Male,1053022,Salaried,Graduate,Married,0,321695,180,787,No,Urban,1
54,Male,424349,Salaried,Graduate,Married,1,340538,60,510,No,Semiurban,0
61,Male,629806,Salaried,Graduate,Married,4,617275,240,531,No,Urban,0
27,Male,1353175,Self-Employed,Graduate,Married,1,904528,180,666,No,Rural,1
24,Female,1965419,Salaried,Graduate,Married,0,1444817,240,780,No,Semiurban,1
31,Female,1610235,Unemployed,Graduate,Single,0,1431359,180,881,No,Semiurban,1
49,Female,1608316,Salaried,Not Graduate,Married,0,1575249,60,871,Yes,Rural,1
56,Male,1577197,Salaried,Graduate,Single,4,1861705,36,478,No,Semiurban,0
45,Male,1226778,Self-Employed,Not Graduate,Married,3,52781,36,783,Yes,Semiurban,1
41,Female,589358,Unemployed,Graduate,Single,3,1115906,360,888,No,Semiurban,1
56,Male,998124,Self-Employed,Graduate,Married,1,1365977,12,794,No,Urban,1
30,Male,887744,Salaried,Graduate,Single,4,632930,180,846,Yes,Urban,1
57,Female,170855,Self-Employed,Graduate,Single,2,1808185,24,315,No,Semiurban,0
29,Male,626963,Self-Employed,Not Graduate,Married,3,363807,12,765,Yes,Rural,1
44,Female,1914308,Salaried,Not Graduate,Single,4,1657820,36,701,No,Rural,1
55,Male,961527,Salaried,Graduate,Married,4,1334015,36,593,Yes,Semiurban,0
55,Female,1106228,Salaried,Graduate,Married,3,1900623,360,470,No,Urban,0
56,Male,461385,Salaried,Graduate,Single,4,837313,360,331,No,Urban,0
38,Male,777407,Unemployed,Graduate,Married,4,445063,360,562,No,Semiurban,0
59,Female,1774867,Salaried,Graduate,Single,3,810263,120,514,No,Urban,1
52,Male,1660171,Unemployed,Graduate,Single,0,1018631,12,857,Yes,Urban,1
44,Male,1293413,Salaried,Not Graduate,Married,1,695553,36,488,No,Rural,1
43,Female,373068,Self-Employed,Graduate,Married,2,1448366,60,882,Yes,Semiurban,1
52,Male,506427,Salaried,Not Graduate,Married,1,1225724,240,899,No,Urban,1
57,Female,1083476,Salaried,Not Graduate,Married,0,1398056,120,560,No,Urban,0
32,Male,273805,Salaried,Not Graduate,Married,0,1704714,24,481,No,Urban,0
33,Male,959359,Salaried,Graduate,Single,4,1718518,240,804,Yes,Semiurban,1
43,Male,265657,Self-Employed,Graduate,Single,1,221003,120,641,Yes,Semiurban,1
45,Male,1003062,Salaried,Graduate,Married,0,487140,360,321,Yes,Urban,0
55,Female,254428,Self-Employed,Graduate,Married,1,859398,180,373,No,Rural,0
61,Male,272035,Salaried,Graduate,Married,0,1535815,180,465,Yes,Rural,0
50,Female,1644139,Salaried,Not Graduate,Single,2,1109896,24,533,No,Semiurban,1
37,Male,1429356,Salaried,Not Graduate,Single,0,639413,60,674,Yes,Rural,1
40,Male,1062676,Unemployed,Not Graduate,Single,1,1035256,24,732,Yes,Urban,0
45,Male,1940146,Self-Employed,Not Graduate,Married,4,1320748,12,633,No,Semiurban,1
42,Male,219518,Salaried,Graduate,Married,1,285077,240,839,Yes,Semiurban,1
33,Female,326355,Salaried,Graduate,Single,3,1215872,24,334,No,Rural,0
39,Female,817565,Salaried,Graduate,Married,1,175355,24,743,No,Semiurban,1
56,Female,270243,Unemployed,Graduate,Married,2,1815794,120,530,Yes,Rural,0
32,Female,1157378,Self-Employed,Not Graduate,Single,2,501930,60,617,No,Rural,1
61,Male,1997756,Salaried,Graduate,Single,2,61780,24,642,No,Urban,1
39,Female,1088601,Self-Employed,Graduate,Married,0,912662,12,729,Yes,Rural,1
32,Female,546308,Salaried,Graduate,Single,2,1824281,120,765,Yes,Rural,0
29,Male,1251887,Unemployed,Graduate,Married,1,564249,60,378,No,Semiurban,0
27,Male,172692,Salaried,Graduate,Single,4,1049602,60,872,Yes,Urban,1
48,Male,1847818,Self-Employed,Not Graduate,Single,2,686984,36,748,No,Urban,1
34,Male,829222,Salaried,Graduate,Married,1,1589769,180,581,No,Rural,1
51,Female,542179,Self-Employed,Graduate,Married,0,680363,240,356,Yes,Semiurban,0
39,Female,371468,Self-Employed,Graduate,Single,0,1352307,12,490,No,Semiurban,0
36,Male,1540227,Self-Employed,Graduate,Married,4,183001,180,762,No,Semiurban,1
25,Male,230152,Self-Employed,Graduate,Single,4,1455873,120,341,No,Urban,0
55,Male,613685,Self-Employed,Not Graduate,Married,1,560452,120,785,No,Urban,1
32,Female,1727790,Salaried,Graduate,Single,4,955954,12,472,No,Rural,0
45,Female,1158803,Salaried,Graduate,Single,4,1506036,60,549,Yes,Rural,0
41,Male,153969,Salaried,Graduate,Single,0,934847,360,809,No,Semiurban,1
56,Male,1234309,Unemployed,Graduate,Married,1,946147,24,801,No,Rural,1
43,Female,481999,Salaried,Graduate,Single,4,172636,12,492,No,Semiurban,1
36,Male,191743,Self-Employed,Graduate,Single,1,1476122,120,464,No,Urban,0
59,Male,1853057,Self-Employed,Graduate,Single,2,1109692,180,389,No,Rural,1
62,Female,320948,Salaried,Not Graduate,Single,0,1317602,240,357,No,Semiurban,0
59,Male,1043877,Salaried,Graduate,Married,0,1444021,12,562,No,Urban,1
34,Female,170323,Salaried,Graduate,Married,0,479111,60,542,No,Semiurban,1
51,Male,1721869,Salaried,Graduate,Single,3,1832572,240,518,No,Rural,0
25,Male,1477148,Salaried,Graduate,Single,1,598155,240,308,Yes,Semiurban,0
55,Female,708866,Salaried,Not Graduate,Married,2,945939,240,729,No,Urban,1
43,Female,1809350,Self-Employed,Not Graduate,Single,4,1624072,36,312,Yes,Rural,0
49,Male,651793,Unemployed,Graduate,Married,2,1798021,240,524,Yes,Urban,0
63,Female,476284,Salaried,Not Graduate,Single,1,377716,36,366,No,Rural,0
31,Male,1980314,Salaried,Not Graduate,Married,0,508450,24,802,No,Semiurban,1
38,Male,1830189,Salaried,Not Graduate,Single,3,1182324,24,483,No,Urban,0
32,Female,418508,Self-Employed,Graduate,Married,1,192324,240,507,No,Urban,1
29,Male,541011,Self-Employed,Graduate,Married,1,135261,60,827,Yes,Semiurban,1
30,Male,1627141,Salaried,Graduate,Married,4,974510,180,599,No,Urban,1
64,Female,1854627,Salaried,Not Graduate,Single,2,818731,24,540,Yes,Urban,1
37,Female,932259,Self-Employed,Graduate,Married,2,270667,36,754,Yes,Urban,1
58,Male,1818462,Self-Employed,Graduate,Married,4,1955891,60,829,No,Urban,1
27,Female,1920403,Salaried,Graduate,Single,3,606459,240,543,No,Semiurban,1
33,Female,326968,Self-Employed,Graduate,Single,0,1651381,60,862,Yes,Urban,1
60,Female,207062,Salaried,Graduate,Single,0,205346,60,537,No,Urban,1
62,Female,1426914,Salaried,Not Graduate,Single,3,601936,12,545,No,Urban,1
29,Male,885122,Self-Employed,Graduate,Married,4,381798,180,644,Yes,Rural,1
47,Male,819221,Self-Employed,Not Graduate,Single,1,1902918,240,783,Yes,Rural,0
22,Male,1426485,Salaried,Graduate,Single,2,307471,180,609,No,Semiurban,1
25,Female,656995,Unemployed,Graduate,Single,1,259691,24,860,Yes,Semiurban,1
49,Female,238302,Salaried,Graduate,Single,2,99647,360,583,No,Semiurban,1
57,Female,1786792,Self-Employed,Graduate,Single,1,521939,180,337,No,Urban,1
58,Female,1183224,Salaried,Graduate,Single,4,1623288,120,331,No,Rural,0
39,Female,888591,Self-Employed,Graduate,Single,4,1805835,36,542,No,Rural,0
28,Female,715635,Unemployed,Graduate,Married,3,1649505,24,852,No,Semiurban,0
21,Female,677409,Salaried,Not Graduate,Married,1,1002254,240,591,Yes,Rural,1
42,Male,233793,Unemployed,Graduate,Married,1,434560,180,591,No,Semiurban,0
37,Male,1751028,Self-Employed,Graduate,Married,3,1048958,36,681,No,Urban,1
27,Female,437635,Self-Employed,Graduate,Married,3,728514,240,898,Yes,Rural,1
45,Female,733510,Salaried,Graduate,Single,4,753526,240,877,No,Urban,1
24,Female,828525,Self-Employed,Graduate,Single,4,1394721,24,437,Yes,Urban,0
56,Male,678036,Self-Employed,Graduate,Single,1,1637410,120,499,Yes,Rural,0
26,Male,1749417,Salaried,Graduate,Single,4,1271172,36,634,No,Semiurban,1
51,Female,1315123,Unemployed,Graduate,Married,4,1036059,360,746,No,Rural,0
39,Female,734668,Salaried,Graduate,Married,1,51304,360,647,No,Urban,1
64,Male,194331,Salaried,Not Graduate,Single,3,697010,360,577,Yes,Semiurban,0
59,Male,901393,Salaried,Graduate,Single,1,948880,120,831,No,Urban,1
47,Male,1164348,Self-Employed,Graduate,Married,0,1016788,36,698,Yes,Semiurban,1
30,Male,1843481,Self-Employed,Not Graduate,Married,1,918800,12,690,No,Rural,1
46,Female,975992,Salaried,Graduate,Married,0,1186903,240,861,No,Urban,1
39,Male,1114190,Unemployed,Graduate,Single,1,846454,12,309,No,Semiurban,0
59,Male,750198,Salaried,Graduate,Single,0,1305534,36,890,No,Semiurban,1
23,Female,547891,Salaried,Graduate,Married,0,127354,360,848,No,Rural,1
33,Male,1134210,Salaried,Graduate,Married,1,476833,36,358,No,Semiurban,1
48,Male,650201,Self-Employed,Graduate,Single,4,1218621,120,387,No,Semiurban,0
40,Male,1700813,Unemployed,Not Graduate,Single,2,1954506,240,758,No,Urban,0
48,Female,1191566,Self-Employed,Not Graduate,Single,4,239896,180,403,No,Rural,0
28,Male,1194863,Self-Employed,Graduate,Single,0,1222356,240,403,No,Rural,0
61,Female,881576,Salaried,Graduate,Married,1,775750,60,553,No,Urban,1
59,Female,1208644,Salaried,Graduate,Married,1,1132883,36,634,Yes,Urban,1
21,Male,1777324,Salaried,Graduate,Married,1,297659,24,762,Yes,Urban,1
23,Male,1037198,Salaried,Graduate,Single,1,835244,24,848,No,Semiurban,1
33,Male,1769282,Salaried,Graduate,Single,2,1560272,24,600,No,Rural,1
48,Male,1486926,Self-Employed,Graduate,Single,3,1742509,12,854,No,Rural,1
45,Female,1851044,Salaried,Graduate,Married,0,1363964,180,640,No,Rural,1
53,Male,1985295,Self-Employed,Not Graduate,Married,2,1123666,120,791,No,Semiurban,1
58,Male,1220913,Salaried,Graduate,Married,4,376421,180,383,No,Rural,1
26,Male,1350314,Salaried,Not Graduate,Single,3,685847,12,558,No,Rural,0
64,Female,397667,Self-Employed,Not Graduate,Single,3,149895,180,659,Yes,Rural,1
52,Male,806521,Salaried,Graduate,Married,1,1221217,180,386,No,Rural,0
41,Male,1182321,Self-Employed,Not Graduate,Single,2,491752,240,727,No,Urban,1
36,Female,664241,Self-Employed,Graduate,Married,4,319999,24,666,No,Semiurban,1
41,Female,1037099,Salaried,Graduate,Married,1,303555,36,642,No,Rural,1
31,Male,1550791,Unemployed,Graduate,Married,1,959395,24,646,Yes,Rural,0
57,Male,1296640,Salaried,Graduate,Married,0,1872366,180,395,Yes,Rural,0
56,Male,1106255,Salaried,Graduate,Single,3,1357421,36,554,No,Rural,1
55,Male,1567231,Self-Employed,Graduate,Single,4,953247,240,435,Yes,Rural,0
39,Male,1681181,Salaried,Graduate,Single,3,999456,120,547,Yes,Urban,1
40,Female,557974,Self-Employed,Graduate,Single,2,1209689,60,798,No,Urban,1
38,Female,1657572,Self-Employed,Graduate,Single,0,1411094,36,785,No,Semiurban,1
61,Male,1969550,Unemployed,Graduate,Single,1,973194,12,701,No,Semiurban,0
34,Male,677466,Salaried,Graduate,Married,0,586809,24,711,Yes,Rural,1
35,Female,706119,Salaried,Graduate,Single,1,674434,240,747,No,Rural,1
51,Male,283248,Self-Employed,Graduate,Single,0,1305667,240,546,No,Urban,0
21,Male,1301882,Salaried,Graduate,Single,1,194776,24,720,No,Semiurban,1
23,Male,314726,Salaried,Not Graduate,Married,3,108933,180,423,No,Rural,0
36,Male,1977156,Salaried,Graduate,Single,3,1693965,180,559,No,Rural,1
43,Male,1094131,Salaried,Graduate,Married,3,93856,180,468,No,Rural,1
31,Female,857910,Salaried,Graduate,Single,3,611544,360,410,No,Semiurban,0
32,Male,524169,Self-Employed,Not Graduate,Single,0,1942360,240,589,Yes,Urban,0
30,Male,850270,Self-Employed,Graduate,Single,1,1881524,180,898,Yes,Urban,1
52,Male,240417,Salaried,Graduate,Married,3,473831,24,312,Yes,Rural,0
36,Female,863611,Salaried,Graduate,Married,0,171638,360,562,Yes,Rural,1
28,Female,578638,Salaried,Graduate,Single,1,1861146,36,322,Yes,Rural,0
58,Female,1210560,Self-Employed,Graduate,Single,0,1886935,120,499,No,Rural,0
32,Female,1287888,Salaried,Graduate,Single,3,983016,36,541,Yes,Rural,0
44,Male,342458,Self-Employed,Not Graduate,Married,2,844733,12,538,No,Semiurban,0
48,Female,1281867,Salaried,Graduate,Married,0,1185425,360,602,No,Urban,1
28,Male,943567,Self-Employed,Graduate,Single,3,779353,24,464,Yes,Semiurban,0
48,Male,674608,Salaried,Not Graduate,Married,4,1562820,360,475,No,Semiurban,0
56,Female,1170462,Self-Employed,Graduate,Married,1,1953767,36,328,Yes,Rural,0
46,Female,1685963,Salaried,Not Graduate,Married,3,924479,24,834,No,Semiurban,1
28,Female,827044,Self-Employed,Graduate,Married,4,399135,240,593,No,Urban,1
48,Female,1123417,Salaried,Not Graduate,Single,0,899490,12,776,Yes,Rural,1
48,Female,565105,Self-Employed,Graduate,Single,0,542474,240,682,No,Urban,1
57,Male,1949785,Self-Employed,Not Graduate,Married,4,1032430,60,855,No,Semiurban,1
61,Female,1558791,Salaried,Not Graduate,Married,4,1515226,60,595,Yes,Rural,0
56,Female,1902835,Self-Employed,Graduate,Married,1,1915349,60,633,No,Urban,0
47,Female,1453659,Self-Employed,Graduate,Single,0,1992853,24,547,No,Urban,1
37,Male,1153466,Salaried,Graduate,Single,4,982511,36,540,Yes,Rural,0
29,Female,784151,Salaried,Not Graduate,Married,2,1460598,24,405,No,Urban,0
53,Male,191777,Salaried,Graduate,Married,2,1780735,240,860,Yes,Rural,0
40,Female,196250,Self-Employed,Graduate,Married,4,892252,120,422,No,Rural,0
33,Female,1041372,Self-Employed,Graduate,Married,1,1507466,240,334,Yes,Semiurban,0
48,Male,1500850,Salaried,Graduate,Single,0,982930,36,715,No,Urban,1
49,Female,625147,Salaried,Graduate,Single,2,1040135,240,626,No,Rural,1
33,Male,1903282,Self-Employed,Not Graduate,Single,4,1405511,240,594,Yes,Semiurban,0
55,Male,1070041,Unemployed,Graduate,Single,4,270712,12,731,No,Semiurban,1
26,Male,1938698,Salaried,Not Graduate,Single,3,1626119,180,646,Yes,Rural,1
38,Female,165216,Unemployed,Graduate,Single,4,1787762,60,336,No,Rural,0
25,Female,496293,Salaried,Graduate,Married,1,1067765,36,811,Yes,Urban,1
45,Female,677297,Salaried,Graduate,Married,2,841376,360,834,No,Urban,1
22,Male,1026336,Self-Employed,Graduate,Single,3,481042,360,317,No,Urban,0
30,Female,1883263,Salaried,Not Graduate,Single,2,866929,360,326,No,Rural,1
50,Male,295281,Salaried,Not Graduate,Single,2,864155,360,835,Yes,Semiurban,0
25,Female,853803,Salaried,Graduate,Married,1,1002791,36,328,No,Semiurban,1
53,Male,1737893,Self-Employed,Graduate,Married,4,848277,60,416,No,Rural,0
21,Male,1659405,Self-Employed,Graduate,Married,1,1974841,240,431,No,Urban,0
38,Male,884803,Salaried,Not Graduate,Married,4,511322,12,588,No,Semiurban,0
52,Female,338069,Salaried,Not Graduate,Single,3,1453759,24,535,No,Semiurban,0
31,Male,1562891,Salaried,Not Graduate,Married,1,1564778,24,341,No,Urban,0
41,Male,264456,Self-Employed,Graduate,Single,1,266879,240,459,No,Semiurban,0
46,Male,1523279,Salaried,Graduate,Married,0,1335655,240,424,Yes,Urban,1
45,Male,1001324,Self-Employed,Graduate,Married,1,1154145,180,559,No,Semiurban,0
42,Male,1006841,Salaried,Graduate,Married,0,131434,360,575,No,Semiurban,1
47,Male,969497,Salaried,Graduate,Married,4,1309573,36,512,Yes,Semiurban,0
33,Female,1965335,Salaried,Graduate,Single,4,1343366,60,772,No,Urban,1
53,Female,532688,Salaried,Graduate,Single,4,992967,240,869,No,Semiurban,1
54,Male,1568060,Unemployed,Not Graduate,Single,0,1885752,240,730,No,Semiurban,0
61,Female,183783,Salaried,Not Graduate,Single,4,1055844,120,379,Yes,Semiurban,0
55,Female,184152,Salaried,Graduate,Single,2,1528074,12,527,Yes,Rural,0
21,Male,1781605,Salaried,Graduate,Single,1,1150658,24,394,No,Semiurban,1
41,Male,594718,Salaried,Graduate,Single,0,497905,12,723,Yes,Semiurban,1
26,Male,1751956,Salaried,Not Graduate,Married,4,388551,12,815,No,Urban,1
48,Female,298725,Salaried,Not Graduate,Single,2,1701936,180,464,No,Urban,0
37,Male,641215,Salaried,Not Graduate,Married,1,1056137,360,725,Yes,Rural,1
25,Female,1953500,Self-Employed,Not Graduate,Single,1,901198,12,341,No,Urban,0
51,Male,321541,Salaried,Graduate,Married,4,1164287,60,702,No,Urban,0
25,Female,1977000,Salaried,Graduate,Single,2,558469,180,715,Yes,Urban,1
58,Male,1547203,Unemployed,Graduate,Married,0,1888225,240,599,No,Rural,0
23,Male,1058017,Salaried,Graduate,Single,4,1572434,60,354,Yes,Rural,0
43,Female,471898,Salaried,Not Graduate,Single,1,686288,180,635,No,Semiurban,1
57,Female,835338,Salaried,Graduate,Single,1,889941,60,729,No,Semiurban,1
57,Female,1286168,Salaried,Graduate,Single,1,1553762,180,633,No,Urban,1
30,Female,1555263,Self-Employed,Graduate,Married,4,1383077,180,705,No,Semiurban,1
30,Female,193169,Salaried,Not Graduate,Single,3,878786,36,329,No,Semiurban,0
39,Female,1640079,Self-Employed,Graduate,Single,3,350714,60,834,Yes,Rural,1
37,Male,204745,Salaried,Graduate,Married,3,1629898,36,816,No,Rural,1
41,Female,1833032,Salaried,Graduate,Single,2,66263,240,874,No,Semiurban,1
34,Male,788273,Self-Employed,Graduate,Married,4,1279747,360,520,No,Semiurban,0
29,Male,1188347,Salaried,Graduate,Married,1,1303960,360,893,No,Semiurban,1
21,Female,1990551,Self-Employed,Not Graduate,Single,2,552574,180,793,No,Urban,1
33,Male,1910328,Salaried,Graduate,Single,3,1173924,360,552,No,Rural,1
24,Female,171067,Self-Employed,Not Graduate,Married,0,659563,24,863,No,Semiurban,1
21,Female,201033,Salaried,Graduate,Single,2,1518717,180,620,No,Semiurban,0
60,Male,195256,Self-Employed,Graduate,Married,2,825299,24,338,No,Urban,0
52,Male,895993,Salaried,Not Graduate,Single,4,1380295,24,764,No,Rural,0
54,Female,389455,Self-Employed,Graduate,Single,2,1120807,24,710,No,Urban,1
48,Female,652264,Salaried,Graduate,Married,4,1961943,24,711,No,Urban,1
51,Male,1398993,Self-Employed,Not Graduate,Single,0,753091,360,791,Yes,Semiurban,1
28,Male,1089695,Salaried,Graduate,Single,1,859532,60,737,No,Urban,1
59,Male,236803,Unemployed,Not Graduate,Single,1,1764704,120,778,Yes,Urban,0
46,Male,1402390,Salaried,Graduate,Married,3,1066339,60,371,Yes,Semiurban,0
54,Female,268843,Salaried,Graduate,Single,3,1607711,240,881,No,Rural,1
23,Female,629809,Salaried,Graduate,Married,0,240409,120,519,No,Semiurban,1
32,Female,703280,Salaried,Not Graduate,Single,1,1870321,60,303,No,Rural,0
21,Female,1411179,Salaried,Graduate,Married,3,823418,240,589,No,Urban,1
64,Male,723091,Unemployed,Not Graduate,Single,2,1673561,360,679,No,Urban,0
25,Male,1570695,Unemployed,Not Graduate,Single,4,61357,24,654,Yes,Semiurban,0
50,Female,1917413,Salaried,Graduate,Married,3,510189,12,379,No,Semiurban,1
50,Female,294282,Unemployed,Graduate,Single,0,730306,180,365,No,Semiurban,0
37,Female,626545,Salaried,Graduate,Married,1,1840360,120,435,No,Urban,0
43,Female,1224846,Salaried,Graduate,Single,0,1693902,12,698,No,Urban,1
35,Female,1653800,Self-Employed,Graduate,Married,4,1990920,24,646,No,Rural,1
57,Female,1967793,Self-Employed,Graduate,Single,4,629437,120,358,No,Semiurban,1
41,Female,681740,Unemployed,Not Graduate,Married,0,1104142,12,818,Yes,Urban,0
34,Female,1502206,Salaried,Not Graduate,Single,3,696762,60,536,No,Rural,1
22,Female,1213435,Self-Employed,Not Graduate,Married,3,878008,240,378,No,Semiurban,0
31,Male,1094740,Salaried,Not Graduate,Married,1,1938326,24,857,No,Semiurban,1
59,Female,1099403,Salaried,Graduate,Single,1,1430270,60,414,No,Rural,1
58,Male,1754947,Salaried,Graduate,Married,2,439203,60,761,No,Rural,1
54,Male,1310038,Unemployed,Not Graduate,Married,2,1674272,24,425,No,Rural,0
58,Female,1346311,Self-Employed,Graduate,Single,1,1545298,120,872,No,Urban,1
54,Female,399737,Self-Employed,Not Graduate,Single,2,823358,180,799,No,Semiurban,1
38,Male,1479773,Salaried,Graduate,Single,0,391293,36,401,Yes,Semiurban,0
50,Male,292157,Salaried,Graduate,Single,3,1925175,36,473,Yes,Rural,0
35,Female,1550465,Salaried,Not Graduate,Single,2,345843,180,751,Yes,Urban,1
47,Male,340167,Salaried,Not Graduate,Single,2,1346665,360,391,Yes,Rural,0
54,Female,743805,Salaried,Graduate,Married,0,1410265,24,684,No,Urban,1
58,Female,1875089,Self-Employed,Not Graduate,Married,4,543985,36,504,No,Semiurban,1
53,Female,1334895,Salaried,Graduate,Married,1,1282077,180,662,Yes,Semiurban,1
44,Male,1078057,Salaried,Graduate,Single,0,1474647,12,797,No,Urban,1
35,Male,1612603,Salaried,Not Graduate,Single,4,268422,180,836,Yes,Semiurban,1
50,Female,1425029,Salaried,Graduate,Married,0,859818,360,533,No,Semiurban,1
62,Male,1073639,Salaried,Graduate,Married,3,1419993,120,315,Yes,Rural,0
37,Male,286645,Unemployed,Graduate,Single,0,1735176,240,440,Yes,Urban,0
25,Male,1710611,Self-Employed,Graduate,Married,0,878017,180,719,Yes,Semiurban,1
49,Male,1192092,Self-Employed,Graduate,Single,3,1490846,60,755,No,Semiurban,1
24,Male,1802131,Salaried,Graduate,Single,1,809652,60,599,No,Urban,1
30,Male,1336837,Salaried,Graduate,Married,4,1106085,240,638,Yes,Semiurban,1
37,Male,492221,Salaried,Not Graduate,Single,2,1841788,24,602,No,Urban,0
30,Female,586862,Self-Employed,Graduate,Single,1,292225,60,891,Yes,Urban,1
37,Male,488767,Self-Employed,Not Graduate,Single,0,913039,12,375,No,Rural,0
40,Male,1329580,Salaried,Graduate,Single,2,1322926,180,615,No,Urban,1
44,Male,1703763,Salaried,Graduate,Married,3,1997393,240,799,Yes,Rural,1
25,Male,203687,Salaried,Graduate,Single,1,1832700,12,374,No,Semiurban,0
54,Male,1004744,Self-Employed,Graduate,Single,4,258222,24,665,No,Urban,1
26,Male,1306191,Unemployed,Graduate,Married,1,1567629,60,845,No,Rural,0
22,Male,543120,Self-Employed,Graduate,Single,1,305117,240,695,No,Urban,1
33,Male,701852,Salaried,Graduate,Single,2,1161881,36,530,No,Semiurban,1
63,Female,1129091,Salaried,Graduate,Married,3,1986093,180,327,No,Rural,0
63,Male,681985,Salaried,Graduate,Married,3,1403571,36,774,No,Rural,1
31,Male,754453,Salaried,Graduate,Single,1,1437630,120,594,No,Rural,0
43,Male,1927858,Salaried,Graduate,Single,3,1132983,24,726,No,Semiurban,1
36,Male,1084550,Self-Employed,Not Graduate,Married,2,883038,120,390,No,Rural,0
51,Female,732111,Self-Employed,Graduate,Single,2,1730141,36,414,No,Semiurban,0
31,Female,683903,Salaried,Graduate,Single,4,1309166,36,458,No,Semiurban,1
36,Female,656554,Self-Employed,Graduate,Single,3,1753068,36,557,No,Urban,0
28,Female,1066931,Salaried,Not Graduate,Married,4,1064298,120,672,No,Semiurban,1
24,Female,750724,Salaried,Graduate,Single,0,1537444,240,389,No,Rural,0
60,Female,1914455,Salaried,Not Graduate,Married,2,1764184,24,597,Yes,Rural,1
24,Female,1581282,Salaried,Graduate,Married,1,322659,360,330,No,Semiurban,1
45,Female,1007549,Salaried,Not Graduate,Married,2,1461298,180,657,No,Semiurban,1
23,Female,709070,Salaried,Not Graduate,Married,0,1977353,360,769,No,Urban,1
52,Female,1277109,Salaried,Not Graduate,Single,1,1240478,240,427,Yes,Urban,0
23,Female,390011,Unemployed,Graduate,Married,3,1421351,180,569,Yes,Rural,0
47,Female,1387903,Salaried,Graduate,Single,3,1461504,12,797,No,Semiurban,1
49,Female,1703744,Salaried,Graduate,Married,2,1224072,360,712,No,Rural,1
52,Female,222684,Salaried,Graduate,Married,1,974303,12,508,No,Semiurban,0
39,Female,1648710,Self-Employed,Not Graduate,Single,1,779443,360,605,No,Rural,1
41,Female,1980029,Salaried,Graduate,Married,4,1326746,36,490,No,Rural,1
25,Male,1938220,Self-Employed,Graduate,Married,0,457544,24,656,No,Rural,1
38,Female,1415197,Salaried,Graduate,Single,3,1504471,360,756,No,Semiurban,1
48,Male,1433871,Salaried,Graduate,Married,2,1643922,24,748,No,Urban,1
62,Female,925723,Self-Employed,Graduate,Married,1,1486946,60,367,No,Urban,0
42,Female,1980288,Salaried,Not Graduate,Married,3,1327421,60,766,No,Semiurban,1
41,Male,1097509,Salaried,Graduate,Single,2,1407416,240,659,No,Urban,1
26,Female,1991646,Salaried,Graduate,Married,3,1862899,360,686,Yes,Rural,1
21,Male,1756241,Self-Employed,Graduate,Single,2,88872,120,427,Yes,Semiurban,1
25,Male,1829108,Salaried,Graduate,Single,3,1677835,360,784,No,Semiurban,1
61,Male,1897052,Salaried,Graduate,Single,4,918515,360,543,No,Urban,0
32,Female,1104138,Unemployed,Graduate,Married,0,597594,60,318,No,Urban,0
46,Female,887651,Salaried,Not Graduate,Married,3,1520002,240,695,Yes,Rural,0
54,Female,1746246,Self-Employed,Not Graduate,Married,0,95693,180,528,No,Semiurban,1
34,Male,1969239,Self-Employed,Not Graduate,Married,3,1913247,180,667,No,Urban,1
46,Male,861423,Salaried,Graduate,Single,1,667654,240,357,No,Semiurban,1
47,Female,303466,Salaried,Not Graduate,Single,4,381061,120,580,No,Rural,1
29,Female,384318,Salaried,Not Graduate,Married,4,412512,12,856,No,Rural,1
46,Female,522778,Self-Employed,Not Graduate,Married,0,548109,36,401,No,Rural,1
42,Female,281936,Self-Employed,Graduate,Single,1,1324025,24,347,No,Semiurban,0
50,Female,1107726,Self-Employed,Not Graduate,Married,2,188519,12,861,Yes,Semiurban,1
63,Male,797952,Unemployed,Not Graduate,Married,4,529120,240,892,Yes,Semiurban,0
37,Male,826315,Self-Employed,Not Graduate,Married,1,201343,180,358,Yes,Semiurban,0
46,Male,522818,Salaried,Graduate,Married,1,509091,12,460,No,Semiurban,1
56,Female,1302109,Salaried,Not Graduate,Married,0,1741333,120,402,Yes,Rural,0
21,Male,1018277,Self-Employed,Not Graduate,Married,1,1839446,36,711,Yes,Rural,0
28,Male,1446573,Salaried,Graduate,Single,1,797405,180,482,Yes,Rural,1
55,Male,1268166,Salaried,Graduate,Single,2,677722,120,716,Yes,Urban,1
35,Male,1588495,Self-Employed,Not Graduate,Single,0,762203,240,415,No,Rural,1
42,Male,478615,Salaried,Graduate,Single,0,338365,12,698,Yes,Semiurban,1
34,Female,1702268,Unemployed,Graduate,Married,1,308180,24,736,No,Rural,1
46,Male,631530,Self-Employed,Graduate,Married,2,1453519,60,617,No,Urban,1
48,Female,1714371,Salaried,Not Graduate,Single,3,106467,120,549,Yes,Urban,1
43,Female,1504018,Unemployed,Graduate,Single,4,1958277,180,746,No,Urban,0
34,Female,1654900,Salaried,Graduate,Single,0,161414,12,796,No,Urban,1
44,Female,1443512,Salaried,Graduate,Single,2,1955593,60,642,No,Urban,1
22,Female,1771788,Salaried,Not Graduate,Single,2,93086,60,726,Yes,Semiurban,1
46,Male,559925,Salaried,Graduate,Married,1,1995945,12,539,No,Rural,0
34,Male,1208302,Salaried,Not Graduate,Married,4,1709488,36,358,No,Semiurban,0
27,Female,341896,Salaried,Not Graduate,Single,0,655432,12,826,Yes,Semiurban,1
23,Female,1239118,Salaried,Graduate,Single,3,1099214,180,502,Yes,Urban,0
43,Female,563461,Salaried,Graduate,Married,1,1040749,240,765,No,Rural,1
63,Male,1233329,Self-Employed,Graduate,Married,0,907111,24,595,No,Rural,1
38,Female,1016220,Self-Employed,Graduate,Married,0,1292582,180,586,No,Rural,1
58,Male,433460,Salaried,Graduate,Single,2,903192,240,372,No,Urban,0
55,Female,383979,Salaried,Not Graduate,Married,4,97234,60,822,Yes,Semiurban,1
35,Male,758986,Salaried,Not Graduate,Single,3,1421769,24,636,No,Rural,1
45,Female,428104,Salaried,Graduate,Single,4,1948851,120,617,No,Semiurban,0
57,Male,1229367,Self-Employed,Graduate,Married,2,753407,60,502,No,Rural,0
48,Female,1175270,Self-Employed,Graduate,Married,3,1208982,360,530,No,Rural,1
30,Male,437360,Salaried,Graduate,Married,3,1239389,36,862,No,Rural,1
59,Male,1525147,Salaried,Graduate,Single,1,825471,12,356,No,Rural,1
37,Male,747578,Salaried,Not Graduate,Married,3,375148,120,719,No,Urban,1
59,Male,721302,Self-Employed,Not Graduate,Married,0,1422209,360,579,No,Urban,0
42,Male,285150,Salaried,Graduate,Single,4,1907999,180,604,No,Semiurban,0
46,Male,1145893,Unemployed,Not Graduate,Married,4,155711,24,765,No,Urban,1
64,Male,1249095,Self-Employed,Graduate,Married,1,1517873,120,473,No,Rural,0
45,Female,1989050,Salaried,Not Graduate,Single,3,1745625,360,565,No,Semiurban,0
37,Female,723340,Self-Employed,Graduate,Single,2,1867030,360,546,No,Semiurban,0
33,Female,1212965,Unemployed,Graduate,Single,0,1680168,360,377,Yes,Semiurban,0
40,Female,508105,Self-Employed,Not Graduate,Single,1,983146,36,552,No,Rural,0
45,Female,1790975,Salaried,Graduate,Single,3,1881246,12,774,No,Rural,1
24,Male,1030147,Salaried,Not Graduate,Married,2,1435823,120,475,No,Semiurban,0
30,Male,987165,Self-Employed,Graduate,Married,3,1992171,180,720,No,Urban,0
23,Male,1022318,Self-Employed,Graduate,Single,1,547288,24,871,Yes,Rural,1
61,Male,1356329,Self-Employed,Graduate,Married,2,298134,120,760,No,Rural,1
38,Male,1812388,Self-Employed,Graduate,Married,2,168778,12,553,Yes,Urban,1
56,Female,493150,Self-Employed,Graduate,Single,2,1131679,180,819,Yes,Semiurban,0
42,Female,1696064,Unemployed,Graduate,Single,2,1078761,120,406,No,Urban,0
54,Female,1293489,Salaried,Graduate,Single,3,1113906,24,470,No,Rural,0
28,Female,768396,Salaried,Graduate,Married,2,1508256,12,357,No,Semiurban,0
60,Male,929091,Self-Employed,Not Graduate,Single,3,1231782,36,636,No,Semiurban,1
64,Male,419637,Self-Employed,Graduate,Married,2,1223255,36,641,Yes,Urban,0
39,Male,219639,Self-Employed,Not Graduate,Married,2,623697,60,589,No,Rural,1
62,Female,1430028,Salaried,Graduate,Married,1,276270,120,383,No,Rural,1
61,Male,1515103,Self-Employed,Graduate,Married,3,50184,24,416,Yes,Semiurban,1
57,Female,1856930,Self-Employed,Graduate,Single,3,539139,120,833,No,Rural,1
26,Male,1923216,Salaried,Graduate,Married,4,171529,12,518,No,Semiurban,1
46,Male,459378,Salaried,Graduate,Single,1,1860296,60,401,No,Semiurban,0
54,Female,1114795,Salaried,Graduate,Married,3,1957807,24,755,No,Semiurban,1
26,Male,1851538,Salaried,Graduate,Single,1,105810,120,825,No,Rural,1
57,Male,636084,Salaried,Graduate,Single,1,1701591,24,565,No,Urban,1
53,Female,1728458,Salaried,Not Graduate,Single,1,1298698,12,586,No,Semiurban,1
42,Male,1959771,Salaried,Graduate,Married,0,1087825,60,440,Yes,Urban,1
41,Female,419515,Self-Employed,Graduate,Married,3,1563405,24,705,No,Urban,0
26,Male,1770179,Self-Employed,Graduate,Married,1,1935554,12,592,Yes,Urban,0
26,Male,1937500,Self-Employed,Not Graduate,Single,0,609408,36,330,No,Urban,1
24,Male,1850115,Salaried,Graduate,Married,0,753844,24,470,No,Urban,1
50,Male,382520,Salaried,Graduate,Married,2,1814499,60,654,No,Semiurban,0
31,Male,1802390,Self-Employed,Graduate,Married,2,1435756,240,504,Yes,Rural,0
50,Male,1442035,Salaried,Graduate,Single,3,130528,180,777,No,Urban,1
51,Male,821986,Unemployed,Graduate,Married,2,236185,180,590,Yes,Rural,1
44,Male,387330,Self-Employed,Not Graduate,Married,3,234168,24,410,No,Rural,0
29,Female,1304149,Salaried,Graduate,Single,0,1632997,24,367,No,Semiurban,0
23,Female,1074634,Unemployed,Graduate,Single,0,1760341,12,672,No,Urban,0
51,Male,287900,Salaried,Graduate,Single,3,1836346,120,495,Yes,Rural,0
60,Male,469658,Salaried,Graduate,Single,2,1719857,180,425,No,Rural,0
57,Female,650364,Self-Employed,Graduate,Single,2,165742,360,561,No,Urban,1
56,Male,1704316,Salaried,Graduate,Single,3,722445,120,454,No,Semiurban,1
44,Male,1434283,Unemployed,Graduate,Married,4,1658566,180,880,No,Semiurban,1
51,Female,1906600,Salaried,Graduate,Married,2,1874011,24,407,Yes,Urban,0
26,Male,1703493,Salaried,Graduate,Single,1,1243150,360,722,No,Rural,1
22,Male,1871819,Self-Employed,Not Graduate,Married,2,358623,60,334,No,Semiurban,0
40,Female,848419,Self-Employed,Graduate,Single,4,653672,60,343,No,Semiurban,0
48,Male,1675870,Salaried,Graduate,Married,0,1186533,240,715,No,Rural,1
31,Male,1896868,Salaried,Graduate,Single,0,1375146,180,584,Yes,Rural,1
24,Female,673116,Self-Employed,Graduate,Single,0,1562023,360,746,No,Rural,1
35,Male,1653061,Salaried,Graduate,Married,2,819867,180,817,Yes,Rural,1
26,Female,663066,Self-Employed,Graduate,Married,0,883297,12,326,No,Urban,0
50,Male,414179,Self-Employed,Not Graduate,Married,4,621692,24,526,No,Rural,1
58,Male,1308343,Self-Employed,Not Graduate,Married,4,1714110,24,724,No,Semiurban,0
22,Female,583961,Self-Employed,Graduate,Married,2,893855,240,867,No,Rural,1
35,Female,691529,Salaried,Not Graduate,Married,1,140947,120,667,Yes,Rural,1
31,Male,727263,Self-Employed,Not Graduate,Married,2,1566171,12,609,Yes,Urban,0
28,Female,304226,Self-Employed,Graduate,Married,0,1129728,36,404,Yes,Urban,0
46,Female,1112454,Salaried,Not Graduate,Single,2,416014,60,317,Yes,Rural,0
64,Male,641818,Unemployed,Graduate,Married,4,342881,60,504,No,Urban,0
25,Male,206396,Salaried,Graduate,Married,2,628613,24,342,Yes,Urban,0
26,Male,1691019,Salaried,Graduate,Single,2,1268415,240,388,No,Urban,0
46,Female,268920,Salaried,Graduate,Single,1,1323440,360,885,No,Urban,1
24,Female,556547,Unemployed,Graduate,Single,4,1856106,12,456,No,Rural,0
39,Female,344999,Salaried,Graduate,Single,3,1755938,36,565,No,Urban,0
40,Female,1809090,Self-Employed,Not Graduate,Married,3,918591,60,433,No,Urban,1
53,Male,1807583,Self-Employed,Not Graduate,Married,4,765597,12,763,Yes,Semiurban,1
40,Female,213014,Salaried,Not Graduate,Single,3,1416433,36,431,No,Rural,0
32,Male,1762210,Salaried,Not Graduate,Single,0,1140391,180,333,No,Urban,1
21,Female,744699,Self-Employed,Not Graduate,Married,3,508213,24,382,No,Semiurban,0
46,Male,335550,Salaried,Graduate,Married,0,1552651,120,431,Yes,Urban,0
34,Male,1866190,Self-Employed,Graduate,Married,4,1868165,60,727,No,Rural,1
58,Male,1385382,Salaried,Graduate,Married,3,1093030,60,503,Yes,Semiurban,1
57,Female,1620413,Salaried,Not Graduate,Single,3,768596,36,635,No,Semiurban,1
31,Male,1183994,Self-Employed,Graduate,Married,0,1448507,120,796,No,Rural,1
56,Male,488585,Salaried,Not Graduate,Single,0,1609674,360,741,No,Semiurban,1
33,Female,1244697,Salaried,Graduate,Single,2,1438963,180,557,No,Semiurban,1
63,Male,1194890,Salaried,Graduate,Single,1,1581445,12,591,No,Urban,1
23,Female,1935354,Salaried,Not Graduate,Married,3,72743,24,424,No,Semiurban,1
53,Female,472341,Salaried,Graduate,Single,1,893171,12,474,Yes,Rural,0
26,Male,1283153,Self-Employed,Graduate,Married,1,1742356,36,791,No,Urban,1
30,Male,506778,Salaried,Graduate,Single,3,1043830,360,379,No,Semiurban,0
25,Female,1447682,Salaried,Graduate,Married,0,1081109,360,604,Yes,Urban,1
43,Male,1634223,Self-Employed,Not Graduate,Single,2,934588,60,809,No,Rural,1
30,Female,1185141,Salaried,Graduate,Single,4,704563,180,643,Yes,Semiurban,1
64,Female,1691037,Salaried,Graduate,Married,3,1310780,60,869,Yes,Rural,1
22,Female,810197,Unemployed,Graduate,Married,3,80339,12,390,No,Rural,0
33,Male,655200,Self-Employed,Not Graduate,Single,4,1132697,180,468,No,Semiurban,0
60,Female,1681817,Self-Employed,Graduate,Single,1,486211,240,633,Yes,Semiurban,1
22,Male,626379,Self-Employed,Graduate,Married,2,1019536,24,535,No,Urban,0
40,Male,1670871,Salaried,Not Graduate,Single,1,1474852,36,698,No,Rural,1
21,Male,1604407,Self-Employed,Graduate,Married,4,1017335,24,887,Yes,Semiurban,1
57,Male,675754,Salaried,Not Graduate,Married,4,1140022,360,776,No,Rural,1
29,Female,1186149,Salaried,Graduate,Single,2,1347956,36,834,No,Semiurban,1
37,Male,496030,Salaried,Graduate,Married,4,1225106,360,884,Yes,Rural,1
29,Female,478055,Salaried,Graduate,Single,4,488894,24,387,No,Urban,0
31,Female,1952502,Salaried,Not Graduate,Married,2,988202,240,552,Yes,Rural,0
35,Male,1612538,Unemployed,Not Graduate,Married,3,810528,12,657,No,Semiurban,0
44,Female,238422,Salaried,Graduate,Single,1,1572044,120,357,No,Urban,0
58,Female,1701676,Salaried,Graduate,Married,3,1457062,180,698,Yes,Urban,1
55,Male,1165691,Salaried,Not Graduate,Single,3,133404,36,820,No,Semiurban,1
50,Female,485513,Salaried,Graduate,Married,1,1408638,12,824,No,Urban,1
51,Female,1986901,Self-Employed,Not Graduate,Married,3,1195242,60,716,No,Rural,1
25,Female,1491293,Salaried,Graduate,Married,2,558594,60,692,No,Rural,1
64,Female,1819771,Salaried,Not Graduate,Married,1,1286883,24,521,Yes,Semiurban,0
34,Male,1108378,Salaried,Graduate,Single,0,1628989,360,628,No,Rural,1
31,Female,882722,Self-Employed,Graduate,Married,3,1337156,60,671,No,Semiurban,0
29,Female,1036388,Salaried,Graduate,Married,4,826716,360,810,No,Urban,1
54,Female,1941396,Salaried,Not Graduate,Married,1,1488142,120,452,No,Rural,1
32,Female,1980957,Salaried,Graduate,Single,0,1068155,36,779,No,Semiurban,1
55,Male,1625159,Salaried,Graduate,Single,4,1801447,24,882,No,Rural,1
55,Female,1350847,Salaried,Graduate,Single,0,1331660,36,319,No,Urban,0
21,Male,1184104,Self-Employed,Graduate,Single,3,341190,36,892,No,Urban,1
60,Female,503548,Self-Employed,Not Graduate,Married,4,269368,240,527,No,Rural,0
42,Male,1928264,Self-Employed,Not Graduate,Married,3,1483338,12,645,Yes,Urban,1
49,Male,994156,Salaried,Graduate,Married,4,1632978,60,318,No,Semiurban,0
28,Male,1366053,Salaried,Not Graduate,Single,1,1099213,180,743,No,Rural,1
31,Male,1427880,Salaried,Not Graduate,Single,2,1661498,36,667,No,Rural,1
61,Male,1176163,Unemployed,Not Graduate,Married,2,400857,360,446,No,Urban,0
57,Female,1738853,Self-Employed,Graduate,Married,0,1658640,120,803,Yes,Semiurban,1
34,Female,965363,Self-Employed,Not Graduate,Married,4,1777536,240,729,No,Rural,0
50,Female,1994298,Salaried,Graduate,Single,3,1049291,360,739,Yes,Rural,1
55,Male,1844000,Salaried,Graduate,Married,1,1387529,120,497,No,Urban,1
41,Female,1540598,Salaried,Not Graduate,Married,1,991260,360,586,No,Urban,1
57,Male,502621,Self-Employed,Graduate,Single,1,502685,180,864,No,Semiurban,1
25,Male,622697,Unemployed,Graduate,Single,2,1661232,60,668,No,Semiurban,0
39,Female,881658,Unemployed,Not Graduate,Married,3,127185,60,539,No,Urban,0
34,Female,1849163,Salaried,Not Graduate,Single,1,963601,24,586,No,Semiurban,1
46,Male,835493,Salaried,Graduate,Married,1,1044406,24,694,No,Urban,1
24,Male,917976,Unemployed,Not Graduate,Married,0,1503672,360,817,Yes,Rural,0
45,Female,1828550,Self-Employed,Graduate,Married,4,1575111,24,860,No,Urban,1
62,Female,1568006,Salaried,Graduate,Married,4,1354862,60,359,No,Urban,0
45,Female,628705,Salaried,Not Graduate,Single,4,762515,36,844,No,Urban,1
38,Female,452619,Salaried,Graduate,Single,0,428337,360,602,No,Rural,1
60,Male,756954,Salaried,Graduate,Single,2,1710626,12,543,No,Semiurban,0
28,Female,508766,Salaried,Graduate,Married,0,156745,180,506,Yes,Semiurban,1
59,Female,1911592,Self-Employed,Graduate,Married,1,1426036,240,674,Yes,Semiurban,1
60,Female,1858569,Salaried,Graduate,Married,3,645144,180,582,No,Urban,1
34,Male,1609096,Salaried,Not Graduate,Single,1,1044764,180,777,Yes,Urban,1
52,Male,257573,Salaried,Not Graduate,Single,1,351355,24,321,Yes,Semiurban,0
58,Male,1951756,Self-Employed,Graduate,Married,3,1446189,12,858,No,Rural,1
53,Male,419152,Self-Employed,Not Graduate,Single,4,1963938,120,648,No,Rural,0
43,Female,460435,Salaried,Graduate,Single,0,1859192,60,788,No,Rural,1
35,Male,308477,Unemployed,Graduate,Single,2,353561,120,557,Yes,Rural,0
53,Female,1446717,Unemployed,Not Graduate,Single,1,790018,24,346,No,Urban,0
45,Female,448530,Salaried,Graduate,Married,1,243899,36,326,No,Semiurban,0
37,Female,1813773,Salaried,Graduate,Single,2,998941,240,326,No,Rural,1
53,Female,1350475,Self-Employed,Graduate,Married,0,856951,240,696,No,Urban,1
22,Male,969472,Self-Employed,Graduate,Single,1,844415,24,444,No,Urban,0
34,Male,1783218,Unemployed,Not Graduate,Married,2,1667520,12,886,No,Urban,0
60,Male,490687,Self-Employed,Graduate,Married,1,1085603,240,821,No,Semiurban,1
60,Female,1741021,Self-Employed,Graduate,Single,4,842067,24,420,No,Urban,1
59,Female,1165197,Salaried,Graduate,Married,4,938805,180,761,No,Semiurban,1
26,Female,709603,Salaried,Graduate,Married,1,940987,36,681,Yes,Semiurban,1
26,Female,1496652,Salaried,Graduate,Single,1,422027,36,717,No,Semiurban,1
23,Female,564380,Salaried,Graduate,Married,4,298945,60,626,No,Semiurban,1
27,Male,1868350,Self-Employed,Not Graduate,Single,1,200694,60,690,No,Urban,1
28,Female,1981533,Self-Employed,Not Graduate,Married,0,1614932,180,596,No,Urban,1
62,Male,1330594,Self-Employed,Graduate,Single,0,1857977,360,383,No,Urban,0
35,Female,951125,Salaried,Graduate,Single,3,124975,360,445,No,Rural,1
49,Female,439385,Self-Employed,Graduate,Single,0,1978453,36,470,Yes,Rural,0
53,Male,1051626,Salaried,Not Graduate,Single,1,110666,360,633,No,Semiurban,1
50,Male,245790,Salaried,Not Graduate,Single,1,413021,180,723,No,Semiurban,1
59,Female,1083044,Self-Employed,Graduate,Married,2,1416725,36,608,No,Semiurban,0
47,Female,746543,Self-Employed,Not Graduate,Married,0,1852365,360,825,No,Semiurban,1
56,Female,1918693,Unemployed,Graduate,Single,4,1730589,360,868,No,Semiurban,1
49,Female,1370851,Salaried,Graduate,Married,4,192475,360,646,No,Rural,1
58,Male,1915797,Salaried,Graduate,Married,3,634765,12,601,No,Semiurban,1
53,Female,1460015,Salaried,Graduate,Married,2,1067114,360,646,No,Urban,1
57,Male,1209926,Salaried,Graduate,Single,4,936837,360,707,No,Semiurban,1
47,Female,1909448,Self-Employed,Graduate,Single,3,1604777,24,432,No,Urban,0
53,Male,468953,Self-Employed,Graduate,Married,0,1687899,60,405,No,Urban,0
24,Male,251894,Self-Employed,Graduate,Single,2,1786839,12,470,Yes,Urban,0
42,Female,1558277,Salaried,Graduate,Single,2,535705,240,549,No,Urban,1
22,Male,586048,Self-Employed,Graduate,Married,1,1761247,360,843,No,Semiurban,1
30,Female,1754592,Salaried,Graduate,Single,0,1542403,360,561,No,Semiurban,1
25,Male,429720,Self-Employed,Graduate,Single,2,1720425,24,793,No,Semiurban,1
30,Female,1620793,Salaried,Graduate,Single,3,1643479,360,543,No,Semiurban,0
53,Male,1719417,Salaried,Graduate,Single,4,368952,360,750,Yes,Semiurban,1
58,Female,1281960,Salaried,Graduate,Single,0,1132156,360,589,No,Rural,1
33,Female,1198966,Unemployed,Graduate,Married,0,1024556,60,562,No,Urban,0
51,Male,1679327,Salaried,Graduate,Single,2,173731,240,613,No,Urban,1
56,Male,981868,Salaried,Graduate,Single,2,404000,180,384,No,Rural,1
44,Male,1734433,Self-Employed,Not Graduate,Married,2,92898,240,714,Yes,Rural,1
35,Male,556245,Salaried,Graduate,Married,3,1777888,12,628,Yes,Semiurban,0
49,Female,172490,Salaried,Graduate,Single,1,1181366,360,344,No,Semiurban,0
28,Male,982307,Salaried,Graduate,Married,2,589515,120,632,No,Urban,1
25,Female,1692656,Salaried,Graduate,Single,1,1505552,240,764,No,Semiurban,1
49,Male,1990875,Unemployed,Graduate,Married,1,1369546,120,499,No,Urban,0
24,Female,755108,Self-Employed,Graduate,Single,0,1571267,60,500,Yes,Semiurban,0
32,Female,1560235,Salaried,Graduate,Married,4,411116,12,628,No,Semiurban,1
22,Female,421265,Unemployed,Not Graduate,Single,4,1968221,240,539,No,Urban,0
47,Female,151539,Salaried,Graduate,Married,3,1552224,360,882,No,Rural,1
51,Male,1608819,Salaried,Graduate,Single,3,1565788,24,658,No,Rural,1
56,Male,1588122,Salaried,Graduate,Single,4,501420,240,659,No,Semiurban,1
56,Female,462579,Salaried,Not Graduate,Single,4,451889,360,677,No,Rural,1
46,Male,665584,Salaried,Not Graduate,Married,0,667690,24,684,Yes,Semiurban,1
63,Male,213965,Unemployed,Graduate,Married,0,872590,12,764,No,Rural,0
47,Female,1713825,Self-Employed,Not Graduate,Single,4,518205,120,521,No,Rural,1
25,Male,1571768,Salaried,Graduate,Single,2,1638768,12,664,No,Urban,1
40,Male,1530642,Self-Employed,Not Graduate,Single,2,1223788,360,371,No,Rural,0
31,Male,1296375,Self-Employed,Not Graduate,Single,0,720756,120,539,No,Semiurban,1
30,Female,1292524,Unemployed,Graduate,Married,1,1090486,120,803,No,Urban,0
60,Male,1674631,Self-Employed,Not Graduate,Married,4,274978,180,713,No,Rural,1
58,Female,1341890,Salaried,Graduate,Married,3,1186045,180,426,Yes,Urban,0
26,Male,398099,Self-Employed,Graduate,Single,2,1676903,24,786,Yes,Rural,0
28,Male,1180065,Self-Employed,Graduate,Single,1,1849821,60,896,Yes,Semiurban,1
43,Male,945379,Self-Employed,Not Graduate,Married,2,1627198,36,826,No,Semiurban,1
46,Female,917610,Salaried,Graduate,Married,1,409140,12,547,Yes,Urban,1
63,Female,876826,Salaried,Graduate,Married,4,77268,120,781,No,Rural,1
32,Male,1957642,Salaried,Not Graduate,Married,4,114636,360,611,Yes,Rural,1
46,Female,1454397,Salaried,Graduate,Single,4,1907076,12,743,No,Urban,1
33,Male,1915752,Salaried,Graduate,Single,0,995751,60,582,No,Urban,1
60,Female,1509505,Self-Employed,Graduate,Single,1,1687985,360,301,No,Semiurban,0
38,Female,1056395,Salaried,Graduate,Married,3,435905,60,373,Yes,Urban,1
45,Male,1985515,Self-Employed,Graduate,Single,3,1842606,36,363,Yes,Rural,0
53,Male,1658764,Salaried,Graduate,Married,4,852717,360,646,No,Urban,1
60,Male,1881087,Unemployed,Not Graduate,Married,3,1723403,240,623,No,Semiurban,0
63,Male,1210194,Salaried,Not Graduate,Married,2,267975,36,538,No,Urban,1
32,Female,486430,Salaried,Graduate,Married,1,571471,120,696,No,Rural,1
64,Female,1476842,Self-Employed,Graduate,Married,1,1122712,180,636,No,Urban,1
56,Female,812714,Self-Employed,Graduate,Single,1,1027882,240,640,Yes,Urban,0
24,Male,760724,Unemployed,Graduate,Single,2,1529579,36,578,No,Urban,0
25,Male,360448,Salaried,Graduate,Single,0,1647289,180,652,No,Semiurban,1
57,Female,1120278,Salaried,Graduate,Married,2,1586793,240,762,Yes,Semiurban,0
28,Male,645919,Unemployed,Not Graduate,Single,1,593249,180,761,No,Semiurban,0
62,Female,1334685,Salaried,Graduate,Married,1,1263091,120,592,No,Semiurban,1
48,Female,1227209,Self-Employed,Graduate,Single,1,1379543,360,706,No,Rural,1
51,Female,960927,Salaried,Not Graduate,Married,3,387553,24,461,Yes,Rural,1
29,Female,1000982,Salaried,Graduate,Married,0,1693987,360,802,No,Semiurban,1
49,Female,362456,Salaried,Graduate,Single,2,154249,180,747,No,Semiurban,1
34,Male,1497203,Salaried,Graduate,Married,1,1124428,360,754,Yes,Semiurban,1
60,Male,525325,Self-Employed,Graduate,Single,4,1136111,120,564,Yes,Urban,0
61,Male,616589,Unemployed,Not Graduate,Single,0,1629868,36,431,No,Rural,0
42,Female,446213,Salaried,Graduate,Single,4,1597824,12,419,No,Urban,0
31,Female,1337018,Self-Employed,Not Graduate,Married,0,1257471,36,518,No,Semiurban,0
43,Female,1842737,Salaried,Not Graduate,Married,1,679201,360,716,No,Rural,1
21,Female,1053275,Salaried,Not Graduate,Married,0,1939094,60,804,No,Semiurban,1
57,Male,1270523,Salaried,Not Graduate,Married,0,1347984,36,599,No,Urban,1
41,Male,320205,Unemployed,Graduate,Single,1,57131,24,408,No,Rural,0
46,Female,1949971,Self-Employed,Graduate,Married,4,788592,120,537,No,Urban,0
56,Female,1294337,Self-Employed,Graduate,Single,4,1910657,180,592,No,Rural,0
43,Female,1574473,Self-Employed,Graduate,Single,3,1758035,60,878,No,Semiurban,1
21,Male,1068196,Self-Employed,Not Graduate,Married,4,1542598,120,486,Yes,Rural,0
60,Male,1751790,Unemployed,Graduate,Married,4,1523363,120,335,No,Urban,0
35,Male,1303276,Self-Employed,Not Graduate,Single,0,604868,180,860,No,Urban,1
41,Female,1534704,Unemployed,Not Graduate,Married,3,688451,240,555,No,Urban,0
29,Female,1635182,Salaried,Not Graduate,Single,1,1192776,36,734,No,Urban,1
29,Male,723881,Salaried,Not Graduate,Married,1,131118,12,307,No,Semiurban,0
30,Female,1168454,Salaried,Graduate,Married,2,1649333,240,477,No,Urban,1
46,Male,155209,Salaried,Graduate,Single,3,1950187,60,541,No,Semiurban,0
61,Female,1849564,Self-Employed,Graduate,Single,0,598524,180,340,No,Rural,1
55,Male,549749,Salaried,Graduate,Single,2,335574,24,656,Yes,Urban,1
45,Female,1809461,Self-Employed,Graduate,Married,2,1929415,24,412,No,Rural,0
46,Male,1467931,Salaried,Not Graduate,Married,1,1791884,12,465,No,Rural,1
31,Male,1208503,Salaried,Not Graduate,Married,4,133299,12,803,No,Semiurban,1
58,Male,1931399,Salaried,Graduate,Single,0,1475216,36,377,No,Urban,0
22,Male,791621,Unemployed,Graduate,Single,3,1967573,24,495,No,Semiurban,0
27,Male,1354242,Salaried,Graduate,Married,2,1549159,60,701,No,Urban,1
38,Male,880212,Salaried,Graduate,Single,0,743540,360,363,Yes,Rural,0
47,Female,1407361,Self-Employed,Graduate,Married,1,1758588,180,724,No,Semiurban,1
54,Female,488526,Self-Employed,Graduate,Single,2,646658,12,341,Yes,Urban,0
47,Female,289005,Salaried,Graduate,Married,2,1463475,12,672,No,Rural,1
37,Male,1826644,Salaried,Graduate,Married,1,531239,12,605,Yes,Semiurban,1
63,Male,1179661,Salaried,Graduate,Married,1,177845,360,508,No,Semiurban,1
64,Female,1763560,Unemployed,Graduate,Single,1,758636,180,766,Yes,Semiurban,1
44,Male,346521,Salaried,Graduate,Single,0,1834164,60,603,No,Semiurban,0
45,Male,1528336,Salaried,Graduate,Married,0,689340,24,884,No,Rural,1
27,Male,1073593,Salaried,Graduate,Married,0,1232303,360,691,Yes,Rural,1
26,Male,599764,Salaried,Not Graduate,Married,4,500968,360,452,No,Rural,0
44,Male,1355771,Self-Employed,Graduate,Married,2,680025,240,661,No,Rural,1
53,Female,1599589,Salaried,Graduate,Married,0,1591410,60,563,No,Urban,1
49,Female,1248589,Salaried,Not Graduate,Married,4,1277318,180,515,No,Rural,0
63,Female,551562,Salaried,Graduate,Single,2,1234920,60,842,No,Semiurban,1
42,Female,366486,Salaried,Not Graduate,Single,0,1719292,36,823,No,Semiurban,0
46,Female,576888,Salaried,Graduate,Single,1,349615,240,493,No,Semiurban,1
48,Male,1609445,Self-Employed,Graduate,Single,3,1147338,180,326,No,Semiurban,0
41,Male,985988,Self-Employed,Graduate,Married,0,989019,240,345,No,Urban,0
27,Male,1060155,Unemployed,Graduate,Married,3,215379,240,357,No,Semiurban,0
37,Male,1962214,Self-Employed,Graduate,Married,0,823481,12,312,No,Semiurban,1
40,Female,700428,Self-Employed,Graduate,Single,1,1046185,24,348,Yes,Semiurban,0
61,Female,413328,Salaried,Graduate,Single,3,723346,240,393,No,Rural,1
40,Female,1626285,Self-Employed,Graduate,Married,4,396768,36,883,No,Rural,1
42,Male,1878782,Self-Employed,Graduate,Single,1,382744,36,750,No,Urban,1
48,Female,261361,Self-Employed,Graduate,Single,3,1997100,180,678,Yes,Urban,0
60,Male,1876131,Salaried,Graduate,Married,3,692624,120,309,Yes,Urban,1
27,Female,942038,Salaried,Graduate,Married,1,1607585,360,815,No,Semiurban,1
21,Female,547172,Self-Employed,Graduate,Married,1,1415608,12,523,No,Urban,0
52,Male,1215131,Self-Employed,Not Graduate,Single,1,1055236,24,680,No,Rural,1
33,Male,1722789,Unemployed,Graduate,Married,2,1241251,24,840,No,Rural,1
50,Female,764673,Salaried,Graduate,Married,4,380168,24,601,Yes,Rural,1
43,Female,1610482,Salaried,Graduate,Married,0,1189304,360,502,No,Semiurban,1
39,Male,1519222,Salaried,Graduate,Single,3,865329,180,888,No,Semiurban,1
52,Female,405658,Self-Employed,Not Graduate,Single,0,724162,12,870,No,Urban,1
50,Female,1640641,Salaried,Graduate,Married,1,197483,240,495,No,Urban,1
49,Male,1880283,Salaried,Graduate,Married,4,110399,240,621,Yes,Urban,1
49,Female,904085,Unemployed,Graduate,Single,4,276274,180,717,Yes,Urban,1
50,Male,253844,Salaried,Not Graduate,Single,2,1598303,24,641,No,Semiurban,0
36,Female,1289897,Self-Employed,Graduate,Married,1,110692,360,688,No,Rural,1
60,Male,985488,Salaried,Not Graduate,Single,3,1766706,240,308,No,Semiurban,0
39,Female,1917787,Self-Employed,Not Graduate,Married,2,123513,60,831,Yes,Urban,1
38,Male,248234,Self-Employed,Graduate,Married,1,540783,60,448,Yes,Semiurban,0
21,Female,624718,Unemployed,Not Graduate,Single,2,1485761,360,682,No,Rural,0
34,Male,901993,Unemployed,Graduate,Married,0,1551221,360,828,No,Semiurban,1
22,Female,1148922,Salaried,Not Graduate,Married,1,251157,12,311,No,Rural,0
48,Female,875571,Salaried,Graduate,Single,3,987841,24,775,Yes,Urban,1
50,Female,978282,Salaried,Graduate,Married,3,405045,180,893,No,Semiurban,1
58,Female,621761,Self-Employed,Graduate,Single,1,1840117,360,878,No,Urban,0
24,Female,1488563,Self-Employed,Not Graduate,Married,2,818693,360,352,No,Urban,0
21,Female,474464,Salaried,Graduate,Married,4,1254155,120,735,No,Rural,1
28,Female,704081,Self-Employed,Graduate,Single,1,633884,360,505,No,Rural,1
49,Female,1171911,Salaried,Graduate,Single,3,120509,120,353,No,Urban,1
59,Female,1871793,Self-Employed,Graduate,Single,0,582724,120,879,Yes,Rural,1
23,Male,1218203,Unemployed,Graduate,Single,3,60086,60,789,No,Rural,1
52,Male,1522542,Salaried,Graduate,Single,4,1050780,180,643,No,Urban,1
30,Female,627317,Salaried,Graduate,Single,3,403198,120,468,No,Urban,1
30,Male,1421209,Salaried,Graduate,Married,4,1511643,24,460,No,Rural,0
39,Female,1119752,Self-Employed,Graduate,Single,1,876164,24,826,No,Urban,1
54,Female,467942,Salaried,Graduate,Married,3,965360,120,826,No,Urban,1
53,Male,1947304,Salaried,Graduate,Single,2,1355720,36,586,No,Rural,1
43,Female,1898052,Salaried,Not Graduate,Married,2,276562,120,711,Yes,Semiurban,1
48,Female,487462,Salaried,Graduate,Married,3,1100321,36,821,No,Semiurban,1
52,Male,1564906,Salaried,Not Graduate,Single,3,849129,12,868,No,Urban,1
27,Male,1981055,Self-Employed,Not Graduate,Married,0,535685,12,498,Yes,Rural,1
49,Female,500046,Salaried,Graduate,Married,3,1102455,24,460,No,Urban,0
28,Male,571773,Self-Employed,Graduate,Married,0,266769,180,688,Yes,Rural,1
21,Male,483478,Self-Employed,Not Graduate,Single,0,723859,60,773,No,Urban,1
23,Female,618379,Salaried,Graduate,Single,0,793537,180,680,Yes,Urban,1
44,Male,518863,Salaried,Graduate,Married,0,1788971,24,891,No,Rural,1
43,Male,1321675,Self-Employed,Graduate,Single,1,1960232,24,423,No,Urban,0
28,Female,883362,Unemployed,Graduate,Single,2,1474089,180,371,No,Semiurban,0
57,Male,847974,Salaried,Not Graduate,Married,0,1437244,60,467,Yes,Semiurban,0
23,Male,1473440,Salaried,Graduate,Married,2,1449726,24,583,Yes,Rural,1
53,Female,1518328,Salaried,Graduate,Single,0,873681,240,793,No,Urban,1
48,Female,257449,Self-Employed,Graduate,Single,2,467065,240,335,No,Semiurban,0
28,Female,1301404,Salaried,Graduate,Single,3,1066737,60,474,No,Rural,0
54,Male,1325189,Salaried,Graduate,Married,3,778669,24,498,Yes,Rural,0
55,Female,222095,Self-Employed,Graduate,Single,2,1331276,240,415,No,Rural,0
52,Female,780212,Self-Employed,Not Graduate,Single,0,341220,12,614,Yes,Semiurban,1
44,Male,1676486,Salaried,Graduate,Single,1,775483,36,519,No,Semiurban,1
34,Female,770740,Salaried,Not Graduate,Married,2,738484,24,877,No,Semiurban,1
52,Female,237593,Self-Employed,Graduate,Married,4,721147,36,433,No,Semiurban,0
63,Female,841252,Salaried,Graduate,Married,1,1938470,120,421,No,Urban,0
36,Female,1537962,Salaried,Graduate,Single,4,398128,240,720,No,Semiurban,1
24,Male,1052473,Self-Employed,Graduate,Single,2,1169611,24,791,No,Rural,1
57,Female,276202,Salaried,Graduate,Married,0,1102417,12,898,No,Urban,1
41,Female,227606,Self-Employed,Graduate,Single,4,1405610,60,588,No,Semiurban,0
34,Male,1322345,Unemployed,Not Graduate,Single,2,1488447,12,352,No,Urban,0
51,Female,268542,Salaried,Not Graduate,Single,1,599690,36,504,No,Rural,0
38,Male,1567158,Salaried,Graduate,Married,0,1873957,60,647,Yes,Semiurban,1
27,Male,1985932,Self-Employed,Graduate,Single,4,423857,12,350,Yes,Urban,0
30,Male,725610,Self-Employed,Graduate,Single,2,1056095,12,339,Yes,Semiurban,0
27,Female,1356126,Unemployed,Graduate,Married,0,1466083,12,549,Yes,Urban,0
53,Male,1793906,Self-Employed,Graduate,Single,0,1820137,180,517,Yes,Urban,0
43,Male,1769282,Salaried,Graduate,Married,3,147807,360,478,No,Rural,1
41,Male,605433,Self-Employed,Not Graduate,Single,0,859669,60,850,Yes,Rural,1
39,Female,774987,Salaried,Not Graduate,Married,2,1272636,12,482,No,Semiurban,0
39,Female,240140,Salaried,Graduate,Married,1,1585595,360,463,No,Semiurban,0
56,Female,1665554,Salaried,Graduate,Single,3,257382,240,676,Yes,Urban,1
49,Female,1734645,Salaried,Graduate,Single,2,443769,240,796,Yes,Rural,1
38,Female,1597307,Self-Employed,Not Graduate,Married,2,719220,12,896,Yes,Rural,1
22,Female,1578078,Salaried,Graduate,Single,2,664727,36,760,Yes,Urban,1
21,Female,1496853,Salaried,Graduate,Married,4,1367765,12,773,No,Rural,1
25,Male,1296204,Salaried,Not Graduate,Single,4,387060,240,336,No,Rural,0
40,Male,1799810,Self-Employed,Graduate,Single,1,106435,12,898,Yes,Urban,1
31,Male,1283634,Self-Employed,Graduate,Single,2,148453,120,618,No,Semiurban,1
62,Male,631799,Salaried,Graduate,Single,4,1655125,360,854,Yes,Semiurban,1
22,Female,1350118,Salaried,Graduate,Married,4,1344325,60,711,No,Semiurban,1
23,Male,1503849,Salaried,Graduate,Married,4,570848,120,655,No,Urban,1
43,Male,1469251,Unemployed,Graduate,Single,1,1101429,360,528,No,Semiurban,0
32,Male,1497758,Self-Employed,Graduate,Single,1,1698528,360,563,No,Urban,1
40,Male,1548659,Salaried,Graduate,Single,2,160884,180,786,Yes,Urban,1
25,Female,192674,Self-Employed,Not Graduate,Single,3,98022,36,860,No,Rural,1
57,Female,277572,Salaried,Graduate,Single,2,1494528,360,651,No,Rural,0
58,Female,1948594,Self-Employed,Graduate,Married,4,345868,120,741,No,Semiurban,1
50,Male,1674268,Salaried,Graduate,Married,4,847872,180,758,Yes,Urban,1
29,Female,441975,Salaried,Not Graduate,Single,0,1955724,24,324,No,Semiurban,0
54,Male,731462,Salaried,Not Graduate,Married,2,473500,60,430,No,Semiurban,1
64,Female,1996287,Salaried,Graduate,Married,4,1205487,12,669,No,Rural,1
55,Female,581436,Unemployed,Graduate,Single,4,1503438,120,735,Yes,Semiurban,0
42,Female,595935,Salaried,Not Graduate,Married,3,1576357,120,523,No,Semiurban,0
64,Female,930296,Self-Employed,Graduate,Married,0,135694,12,651,Yes,Rural,1
44,Female,1251627,Self-Employed,Graduate,Married,2,457558,12,784,No,Semiurban,1
37,Male,1401661,Salaried,Not Graduate,Married,1,1595109,36,496,No,Semiurban,0
30,Female,1517372,Salaried,Graduate,Single,2,1819556,120,408,No,Urban,1
50,Male,1264100,Salaried,Not Graduate,Married,2,245333,120,519,No,Semiurban,1
43,Male,1674728,Self-Employed,Not Graduate,Married,3,1357580,240,618,No,Rural,1
52,Male,418614,Salaried,Graduate,Married,2,1095901,360,381,No,Rural,0
37,Male,1659390,Salaried,Not Graduate,Single,3,445151,24,836,Yes,Urban,1
37,Male,667733,Salaried,Not Graduate,Married,3,539218,240,731,No,Rural,1
34,Female,465617,Self-Employed,Graduate,Married,4,1828734,180,307,No,Rural,0
29,Female,1087384,Salaried,Graduate,Married,1,1739053,24,448,Yes,Rural,0
60,Female,1954053,Salaried,Graduate,Single,3,144203,240,397,No,Semiurban,1
22,Female,1243015,Salaried,Graduate,Single,0,1285369,120,400,Yes,Urban,0
45,Male,426452,Salaried,Not Graduate,Single,0,1068281,24,666,No,Urban,1
59,Female,241563,Self-Employed,Graduate,Single,1,1197615,120,761,No,Urban,1
29,Female,901616,Salaried,Graduate,Single,3,1363558,60,713,No,Urban,1
42,Male,1495801,Self-Employed,Graduate,Married,1,1789266,36,558,No,Rural,1
63,Male,880602,Self-Employed,Not Graduate,Single,4,1725074,24,655,Yes,Semiurban,0
24,Female,1642175,Self-Employed,Graduate,Married,0,804936,120,310,No,Rural,1
46,Female,1732701,Self-Employed,Graduate,Single,2,1988148,24,715,Yes,Rural,0
49,Male,909495,Salaried,Graduate,Single,0,1198742,360,870,No,Rural,1
54,Female,1119655,Salaried,Graduate,Single,3,873426,360,549,No,Rural,1
43,Female,1840992,Self-Employed,Graduate,Married,1,1845811,180,849,No,Urban,1
57,Female,317896,Salaried,Graduate,Married,0,80384,36,421,Yes,Urban,1
31,Female,1887009,Self-Employed,Graduate,Married,2,357522,60,364,No,Semiurban,1
26,Male,771912,Salaried,Graduate,Single,2,1468038,12,601,No,Rural,0
38,Male,569515,Unemployed,Not Graduate,Single,1,475859,360,424,No,Urban,0
41,Male,1167497,Self-Employed,Graduate,Single,1,460142,12,611,Yes,Semiurban,1
62,Female,1912797,Salaried,Graduate,Single,0,1137553,24,490,No,Rural,1
56,Female,180063,Salaried,Graduate,Single,3,1122228,120,749,Yes,Rural,1
61,Female,1792317,Self-Employed,Graduate,Single,4,1817231,180,458,No,Urban,0
58,Female,1189272,Self-Employed,Graduate,Married,2,1108846,360,652,No,Rural,1
54,Female,404371,Salaried,Graduate,Married,1,1705668,36,562,Yes,Rural,0
37,Male,1135976,Self-Employed,Graduate,Single,4,242702,60,705,Yes,Urban,1
57,Female,252166,Salaried,Graduate,Married,4,86417,60,316,No,Semiurban,0
45,Female,1213082,Salaried,Graduate,Married,4,177390,360,559,No,Semiurban,1
58,Male,1423989,Self-Employed,Not Graduate,Married,3,490110,360,654,Yes,Urban,1
32,Female,1147358,Self-Employed,Graduate,Single,1,630330,240,788,No,Urban,1
43,Male,1312180,Self-Employed,Graduate,Single,2,375397,60,513,No,Semiurban,1
62,Male,1224602,Self-Employed,Graduate,Single,1,1278489,12,538,No,Semiurban,0
42,Male,570888,Salaried,Graduate,Single,0,364867,36,479,Yes,Urban,0
41,Male,1513133,Self-Employed,Graduate,Married,2,201389,240,718,Yes,Urban,1
47,Male,1453692,Salaried,Graduate,Single,1,1022512,12,442,No,Urban,0
51,Female,1525786,Salaried,Graduate,Single,2,1790370,24,616,No,Rural,1
26,Male,340285,Salaried,Graduate,Single,0,751485,60,543,No,Urban,1
47,Male,1249547,Salaried,Graduate,Married,2,1310632,36,531,No,Rural,1
60,Female,570497,Salaried,Not Graduate,Married,4,1436169,360,888,No,Semiurban,1
54,Female,263978,Salaried,Graduate,Married,3,779462,60,602,Yes,Semiurban,0
32,Male,1357739,Salaried,Graduate,Married,0,803340,12,630,No,Urban,1
27,Female,253864,Salaried,Not Graduate,Married,2,1179717,12,860,No,Urban,1
30,Female,1181259,Self-Employed,Graduate,Single,0,1623421,12,547,No,Semiurban,1
37,Male,1086114,Salaried,Graduate,Married,4,944208,60,582,No,Semiurban,1
46,Male,544295,Salaried,Graduate,Married,3,1536175,36,586,No,Semiurban,0
41,Female,769674,Self-Employed,Graduate,Single,0,1497832,36,331,No,Semiurban,0
48,Male,1638543,Self-Employed,Graduate,Single,4,96652,24,799,Yes,Urban,1
22,Male,1808990,Self-Employed,Not Graduate,Single,4,166048,60,829,No,Rural,1
63,Female,598648,Salaried,Graduate,Married,4,110941,24,680,No,Semiurban,1
21,Male,1884887,Self-Employed,Graduate,Single,2,923772,180,362,No,Semiurban,1
56,Male,755151,Salaried,Not Graduate,Married,1,1435548,24,427,No,Rural,0
46,Male,490435,Salaried,Not Graduate,Single,0,207182,24,827,No,Urban,1
49,Male,275659,Salaried,Graduate,Married,1,448565,24,462,No,Rural,1
41,Male,1913808,Self-Employed,Graduate,Married,4,1260022,360,550,No,Urban,1
31,Female,1205811,Salaried,Graduate,Married,1,396689,12,594,No,Urban,1
60,Female,1543453,Salaried,Graduate,Married,4,422767,180,478,No,Urban,1
31,Male,1261288,Salaried,Graduate,Single,4,1665455,240,528,No,Urban,0
56,Female,1351121,Self-Employed,Graduate,Single,3,443273,360,693,No,Urban,1
59,Male,1921503,Self-Employed,Not Graduate,Married,3,1041543,24,695,No,Semiurban,1
60,Male,912178,Salaried,Graduate,Single,1,1454549,36,371,No,Urban,0
55,Male,275849,Self-Employed,Graduate,Married,0,1874472,24,617,Yes,Semiurban,0
54,Male,1174903,Salaried,Graduate,Single,1,376722,12,894,No,Urban,1
44,Male,405493,Self-Employed,Graduate,Single,0,1993505,360,678,No,Semiurban,0
42,Female,754111,Salaried,Graduate,Married,1,200193,120,435,Yes,Rural,1
25,Female,1302791,Self-Employed,Graduate,Married,2,317637,240,677,Yes,Rural,1
53,Male,1963935,Salaried,Not Graduate,Single,2,834118,180,418,Yes,Semiurban,1
56,Female,182230,Self-Employed,Graduate,Married,0,676469,120,829,No,Urban,1
40,Male,496717,Salaried,Graduate,Single,3,1690682,120,822,No,Semiurban,1
39,Female,897948,Salaried,Graduate,Single,0,269778,180,686,Yes,Semiurban,1
55,Male,612092,Salaried,Graduate,Single,1,1601471,60,873,No,Urban,1
63,Female,452788,Salaried,Graduate,Married,4,956628,240,882,Yes,Rural,1
37,Male,1378312,Salaried,Not Graduate,Married,2,1362151,360,872,No,Semiurban,1
63,Male,981635,Self-Employed,Not Graduate,Single,4,1552261,240,872,No,Rural,1
54,Female,1527397,Salaried,Graduate,Married,2,505457,36,568,No,Rural,1
29,Female,1617217,Self-Employed,Graduate,Married,1,1012798,12,823,No,Rural,1
46,Male,797534,Self-Employed,Not Graduate,Single,2,674367,180,846,No,Semiurban,1
22,Female,1283393,Self-Employed,Graduate,Married,0,829558,360,785,No,Semiurban,1
29,Male,1437233,Self-Employed,Graduate,Married,4,267199,120,737,Yes,Urban,1
29,Female,1415609,Self-Employed,Graduate,Single,4,1503143,12,862,No,Urban,1
60,Female,381414,Salaried,Not Graduate,Married,1,737843,12,854,No,Semiurban,1
37,Male,406812,Self-Employed,Graduate,Single,4,1391915,60,410,No,Urban,0
21,Female,454958,Salaried,Not Graduate,Married,1,1866879,120,621,No,Rural,0
45,Female,1793083,Self-Employed,Not Graduate,Married,3,829568,24,826,Yes,Rural,1
63,Male,320956,Self-Employed,Graduate,Single,0,808049,12,476,No,Semiurban,1
60,Female,1556065,Salaried,Not Graduate,Single,2,203807,120,850,No,Rural,1
62,Male,1455710,Salaried,Not Graduate,Married,2,589491,240,837,Yes,Semiurban,1
45,Male,1560808,Salaried,Graduate,Single,2,1364694,12,772,No,Semiurban,1
59,Male,1005754,Self-Employed,Graduate,Single,3,285281,60,862,No,Semiurban,1
55,Male,171650,Unemployed,Graduate,Married,0,414913,60,687,No,Rural,0
23,Male,1554962,Salaried,Graduate,Single,4,1877035,24,397,Yes,Semiurban,0
57,Female,1076694,Self-Employed,Graduate,Married,4,1708086,60,710,No,Semiurban,1
64,Male,1369097,Unemployed,Graduate,Married,0,1007217,360,674,No,Urban,0
64,Male,1369309,Salaried,Graduate,Single,0,552578,120,469,Yes,Rural,1
50,Female,966141,Salaried,Not Graduate,Married,2,1878712,180,355,No,Semiurban,0
58,Female,392037,Self-Employed,Graduate,Single,4,62636,60,624,No,Urban,1
54,Female,1279004,Self-Employed,Graduate,Married,0,1395790,180,559,No,Semiurban,1
32,Male,356251,Self-Employed,Graduate,Single,4,1914131,24,861,No,Rural,0
39,Male,684231,Salaried,Graduate,Single,0,1743837,240,639,No,Urban,0
57,Male,1897176,Salaried,Graduate,Married,1,471976,36,703,Yes,Urban,1
64,Female,1637552,Salaried,Graduate,Single,2,579254,12,831,No,Semiurban,1
37,Male,171042,Salaried,Graduate,Single,0,817111,360,473,No,Semiurban,0
30,Female,1975706,Salaried,Not Graduate,Single,3,954846,12,837,Yes,Rural,1
32,Male,980326,Self-Employed,Not Graduate,Married,0,1444682,120,459,No,Rural,0
36,Female,1128582,Salaried,Graduate,Married,1,653986,24,309,No,Semiurban,0
44,Male,468903,Self-Employed,Not Graduate,Single,3,1507850,24,893,No,Urban,1
39,Male,1566693,Salaried,Not Graduate,Single,3,615770,24,555,No,Rural,1
28,Male,1044801,Self-Employed,Graduate,Married,0,290275,12,643,No,Rural,1
51,Female,1909307,Salaried,Not Graduate,Married,1,1101574,60,835,Yes,Urban,1
41,Female,1874854,Salaried,Not Graduate,Married,3,1221235,12,672,No,Semiurban,1
37,Male,964811,Salaried,Graduate,Single,2,1159841,12,734,No,Rural,1
43,Male,532811,Unemployed,Graduate,Married,2,1165021,12,345,No,Urban,0
57,Male,651691,Self-Employed,Graduate,Single,4,947465,240,354,No,Rural,0
36,Female,1158314,Salaried,Graduate,Married,4,1086325,240,377,No,Urban,0
26,Male,364304,Salaried,Not Graduate,Single,1,215720,60,790,No,Rural,1
28,Male,546178,Unemployed,Graduate,Married,3,1028127,36,571,Yes,Semiurban,0
45,Male,1867787,Salaried,Not Graduate,Single,2,914465,120,849,Yes,Urban,1
38,Male,588963,Salaried,Not Graduate,Married,2,920912,36,410,Yes,Rural,0
45,Female,1061612,Self-Employed,Graduate,Married,1,1761463,36,314,No,Rural,0
32,Female,464493,Unemployed,Graduate,Single,3,940432,12,377,Yes,Urban,0
35,Male,351904,Salaried,Graduate,Married,1,1757008,360,800,No,Urban,0
46,Male,861716,Salaried,Graduate,Married,0,455234,36,887,Yes,Semiurban,1
61,Female,820105,Unemployed,Graduate,Married,2,1652516,12,717,No,Urban,0
46,Female,155730,Salaried,Graduate,Married,1,54476,12,574,No,Rural,1
52,Male,1605713,Salaried,Graduate,Single,1,1076875,120,793,No,Semiurban,1
30,Female,1952366,Self-Employed,Not Graduate,Single,0,670056,24,496,No,Urban,1
36,Female,1400786,Self-Employed,Graduate,Married,4,1257130,12,675,Yes,Rural,1
27,Male,888471,Salaried,Graduate,Single,2,1856729,240,362,No,Urban,0
37,Female,1217599,Unemployed,Graduate,Single,1,243585,36,660,Yes,Rural,0
43,Female,1849660,Self-Employed,Not Graduate,Single,2,267483,120,843,No,Rural,1
46,Male,495430,Salaried,Graduate,Single,4,852651,180,409,No,Semiurban,0
41,Male,978411,Unemployed,Graduate,Single,1,1391168,180,493,No,Semiurban,0
42,Female,558213,Salaried,Not Graduate,Married,0,523119,180,818,No,Urban,1
27,Male,850399,Salaried,Graduate,Single,2,1516912,36,758,No,Semiurban,1
34,Female,1719186,Self-Employed,Graduate,Married,0,843287,24,600,No,Urban,1
35,Male,170923,Salaried,Graduate,Single,4,1548345,60,867,No,Semiurban,1
27,Female,1993884,Salaried,Not Graduate,Married,4,511849,360,795,No,Semiurban,1
29,Male,997405,Salaried,Graduate,Married,2,1274233,24,448,No,Urban,0
28,Female,1594679,Salaried,Graduate,Married,4,706444,360,760,Yes,Semiurban,1
43,Female,344795,Self-Employed,Graduate,Single,3,1197432,120,438,No,Semiurban,0
49,Female,978854,Self-Employed,Not Graduate,Single,2,203016,24,591,No,Semiurban,1
38,Male,383462,Unemployed,Graduate,Married,3,1001425,180,634,Yes,Semiurban,0
51,Male,201413,Salaried,Graduate,Married,4,1159858,24,483,No,Urban,0
50,Female,1038916,Salaried,Not Graduate,Single,2,1185969,120,606,No,Rural,0
59,Female,1454295,Salaried,Graduate,Single,3,756757,120,561,No,Urban,1
55,Male,703044,Salaried,Not Graduate,Married,4,1752686,180,609,No,Urban,0
38,Male,1532296,Salaried,Not Graduate,Single,1,592358,240,643,No,Urban,1
62,Male,1841112,Self-Employed,Not Graduate,Single,1,1808923,36,723,Yes,Semiurban,1
59,Male,1471024,Unemployed,Graduate,Single,0,820741,360,813,Yes,Semiurban,1
37,Male,1753205,Unemployed,Graduate,Single,1,106690,12,823,No,Rural,1
34,Male,560226,Salaried,Not Graduate,Single,3,795371,60,560,No,Semiurban,0
51,Female,1325615,Self-Employed,Not Graduate,Single,1,635422,60,661,No,Rural,1
44,Male,1914694,Salaried,Graduate,Married,2,572386,180,468,No,Rural,1
55,Female,1885594,Salaried,Not Graduate,Married,2,1972763,240,499,Yes,Semiurban,0
64,Male,330074,Self-Employed,Graduate,Married,2,1467713,60,684,No,Rural,0
54,Male,1957254,Self-Employed,Graduate,Married,1,502655,24,611,Yes,Urban,1
23,Female,806735,Salaried,Graduate,Married,1,343633,120,881,Yes,Urban,1
57,Female,1822349,Salaried,Not Graduate,Married,0,1121754,360,611,No,Urban,1
63,Male,958524,Salaried,Graduate,Single,4,1964027,240,865,Yes,Rural,0
60,Female,281562,Self-Employed,Graduate,Single,0,1418676,120,694,No,Rural,1
46,Female,1202305,Salaried,Not Graduate,Married,3,1277450,180,650,Yes,Urban,1
43,Female,1859910,Unemployed,Graduate,Married,2,1864399,120,327,Yes,Semiurban,0
64,Female,792510,Salaried,Graduate,Married,1,1161354,360,432,No,Urban,0
59,Male,1545936,Salaried,Graduate,Single,4,238791,12,679,No,Semiurban,1
35,Female,758148,Salaried,Graduate,Single,4,1001077,120,827,Yes,Semiurban,0
24,Male,408360,Salaried,Graduate,Single,1,476904,120,586,No,Rural,1
49,Male,509014,Salaried,Not Graduate,Single,0,685754,240,583,No,Rural,0
42,Male,1219974,Self-Employed,Graduate,Married,4,168292,360,526,No,Semiurban,1
45,Male,446794,Self-Employed,Not Graduate,Married,0,1984755,24,726,Yes,Semiurban,0
33,Female,778177,Unemployed,Graduate,Married,1,286424,36,326,No,Semiurban,0
38,Female,1463879,Self-Employed,Graduate,Married,0,96475,60,631,No,Rural,1
53,Male,510306,Self-Employed,Graduate,Single,2,1411417,24,416,Yes,Urban,0
36,Male,1654558,Self-Employed,Graduate,Single,1,1259325,24,388,Yes,Semiurban,1
62,Male,1424535,Self-Employed,Graduate,Married,1,1049044,24,421,No,Rural,1
64,Male,777122,Salaried,Graduate,Single,4,60272,60,332,Yes,Urban,0
22,Female,1608857,Salaried,Graduate,Single,4,973716,180,697,No,Rural,1
55,Male,1744502,Salaried,Graduate,Single,4,1906079,24,824,Yes,Urban,1
62,Female,1986081,Salaried,Graduate,Single,2,1611790,36,323,No,Rural,1
54,Male,1638303,Salaried,Graduate,Married,2,158644,180,624,No,Urban,1
50,Male,1938243,Unemployed,Not Graduate,Single,3,256308,120,333,Yes,Semiurban,0
33,Male,668490,Salaried,Graduate,Married,1,931948,36,546,No,Rural,1
33,Male,1954933,Salaried,Graduate,Single,4,1246945,240,318,No,Urban,0
38,Female,703608,Salaried,Not Graduate,Single,1,1805868,360,329,Yes,Urban,0
52,Female,613092,Salaried,Not Graduate,Married,0,287957,180,348,No,Urban,0
52,Female,184924,Salaried,Graduate,Married,2,471841,120,479,No,Semiurban,0
55,Male,1411368,Salaried,Graduate,Single,3,1651695,120,669,No,Rural,1
59,Male,1632526,Salaried,Graduate,Single,0,1873611,24,694,Yes,Urban,0
49,Female,845385,Salaried,Graduate,Married,1,430457,24,889,No,Semiurban,1
49,Female,1200735,Self-Employed,Not Graduate,Single,2,1746814,60,795,No,Semiurban,1
64,Male,723228,Self-Employed,Not Graduate,Single,4,499694,12,730,No,Semiurban,1
36,Male,1802300,Salaried,Graduate,Married,0,1423629,36,506,No,Semiurban,1
64,Female,620192,Salaried,Not Graduate,Single,2,865799,60,334,Yes,Semiurban,0
30,Male,1737542,Salaried,Graduate,Single,1,751173,60,882,No,Semiurban,1
50,Male,1915011,Self-Employed,Graduate,Single,1,1592666,36,712,No,Semiurban,1
45,Female,590420,Salaried,Not Graduate,Single,0,594409,360,663,Yes,Rural,1
59,Male,1603813,Salaried,Graduate,Single,0,1396267,180,609,Yes,Rural,1
40,Female,812132,Self-Employed,Not Graduate,Married,0,375786,240,578,Yes,Semiurban,0
25,Male,1790027,Salaried,Not Graduate,Single,3,1385634,36,451,No,Urban,0
21,Female,915328,Salaried,Graduate,Married,4,428808,120,526,No,Urban,1
50,Male,879115,Salaried,Graduate,Married,2,553148,240,542,No,Urban,1
23,Female,304536,Unemployed,Graduate,Single,1,722538,360,309,No,Semiurban,0
34,Female,725425,Self-Employed,Graduate,Married,1,117258,12,691,No,Urban,1
50,Female,573448,Self-Employed,Graduate,Single,4,1833357,360,347,No,Rural,0
24,Female,997929,Salaried,Graduate,Married,0,1159139,180,503,Yes,Rural,1
38,Male,651233,Salaried,Not Graduate,Married,0,231122,24,456,Yes,Rural,0
57,Male,774773,Unemployed,Graduate,Married,1,899039,12,325,Yes,Rural,0
45,Female,1439546,Unemployed,Graduate,Single,4,115638,12,720,No,Semiurban,1
21,Male,1828332,Salaried,Graduate,Married,1,1977979,360,563,No,Rural,0
35,Male,1152021,Self-Employed,Not Graduate,Married,0,1881004,24,828,No,Urban,1
29,Male,150901,Salaried,Graduate,Married,2,1505054,12,887,No,Urban,1
35,Male,237980,Salaried,Graduate,Single,0,1499245,180,769,No,Rural,1
44,Male,1568314,Self-Employed,Not Graduate,Single,2,813303,180,553,No,Rural,1
24,Female,1675389,Salaried,Graduate,Married,3,750534,180,845,No,Rural,1
32,Female,939313,Unemployed,Graduate,Married,4,953152,60,446,Yes,Urban,0
57,Female,442007,Salaried,Not Graduate,Married,3,1962768,60,625,No,Urban,0
57,Female,916722,Salaried,Graduate,Married,0,973676,180,637,No,Rural,1
63,Male,548838,Unemployed,Not Graduate,Single,4,651076,24,417,Yes,Urban,0
26,Male,665956,Unemployed,Graduate,Single,0,854350,24,464,Yes,Urban,0
59,Female,1674960,Salaried,Graduate,Single,4,843629,36,849,No,Semiurban,1
44,Male,637063,Salaried,Not Graduate,Married,4,1457847,36,497,No,Rural,0
31,Male,876546,Self-Employed,Graduate,Single,0,719037,360,673,No,Rural,1
33,Female,981633,Salaried,Not Graduate,Married,0,1502831,180,877,Yes,Semiurban,0
54,Male,401839,Unemployed,Not Graduate,Married,4,1912793,240,891,No,Semiurban,0
45,Female,1175264,Unemployed,Not Graduate,Married,4,316714,12,863,No,Urban,1
27,Female,1519971,Salaried,Not Graduate,Single,0,1170818,12,428,No,Semiurban,0
24,Male,746860,Salaried,Graduate,Married,0,1503447,24,713,No,Rural,1
28,Male,1762119,Salaried,Not Graduate,Single,1,279810,240,679,No,Rural,1
40,Female,1786076,Unemployed,Graduate,Married,1,97907,12,300,Yes,Rural,0
49,Female,986642,Salaried,Graduate,Single,1,1894457,360,466,No,Urban,0
30,Male,537773,Salaried,Not Graduate,Married,3,1909638,120,315,No,Urban,0
63,Female,172499,Salaried,Graduate,Single,4,386802,60,411,No,Rural,0
54,Female,776840,Self-Employed,Graduate,Married,2,96371,12,667,No,Rural,1
46,Female,594844,Salaried,Graduate,Single,3,978495,12,401,No,Urban,0
61,Male,1784224,Salaried,Graduate,Married,4,599175,36,893,No,Urban,1
23,Female,1596395,Unemployed,Not Graduate,Married,2,588147,120,705,No,Semiurban,0
26,Male,636525,Unemployed,Graduate,Married,1,991144,12,806,No,Urban,1
25,Female,1021905,Self-Employed,Graduate,Single,2,1409059,60,339,Yes,Urban,0
25,Male,293704,Salaried,Not Graduate,Married,0,534284,360,847,No,Rural,1
43,Female,835967,Salaried,Graduate,Married,0,547981,12,680,No,Rural,1
29,Male,1290449,Self-Employed,Graduate,Married,4,234307,24,815,No,Rural,1
55,Male,215756,Salaried,Graduate,Single,3,1596092,120,796,No,Semiurban,1
40,Male,590210,Unemployed,Graduate,Married,1,546372,12,580,No,Urban,0
62,Female,1393030,Self-Employed,Graduate,Married,4,1887520,240,650,No,Semiurban,0
55,Female,1517064,Salaried,Not Graduate,Single,1,917414,120,633,No,Urban,1
38,Female,1645567,Unemployed,Graduate,Married,0,858344,12,823,No,Urban,1
37,Male,1599141,Unemployed,Not Graduate,Single,3,804927,60,582,No,Rural,0
44,Female,1750328,Salaried,Not Graduate,Married,3,694927,360,618,No,Urban,1
23,Male,1634416,Salaried,Graduate,Single,0,216587,360,713,Yes,Semiurban,1
52,Female,1320473,Salaried,Graduate,Single,2,458632,60,893,No,Rural,1
55,Male,670082,Salaried,Graduate,Single,3,1564608,120,313,No,Semiurban,0
58,Male,449488,Salaried,Graduate,Married,2,1830446,180,355,Yes,Semiurban,0
33,Male,1193361,Self-Employed,Not Graduate,Married,1,1476501,36,702,No,Rural,1
45,Female,233791,Unemployed,Graduate,Single,3,1535538,36,641,No,Urban,0
29,Female,1878235,Salaried,Graduate,Married,0,224847,24,498,No,Semiurban,1
24,Female,853335,Salaried,Graduate,Married,2,414211,180,591,Yes,Urban,0
34,Male,1331110,Self-Employed,Graduate,Single,1,1613831,36,740,No,Rural,1
57,Male,1280017,Salaried,Graduate,Single,1,1622542,120,377,No,Urban,0
54,Female,1436188,Self-Employed,Graduate,Single,3,1372947,36,411,No,Urban,0
31,Female,583797,Salaried,Graduate,Single,3,1504823,24,834,No,Rural,1
61,Female,1430020,Salaried,Graduate,Married,4,289891,12,674,No,Urban,1
23,Male,1138793,Salaried,Graduate,Married,4,869432,36,415,No,Semiurban,1
48,Male,950607,Self-Employed,Not Graduate,Married,3,887685,120,441,No,Semiurban,0
49,Male,287263,Salaried,Graduate,Married,4,685136,120,496,Yes,Semiurban,0
29,Male,495578,Self-Employed,Graduate,Married,0,1428284,24,839,No,Urban,1
23,Male,1807382,Salaried,Graduate,Married,0,695209,360,598,No,Semiurban,1
45,Female,1934094,Salaried,Graduate,Single,4,1980977,240,375,No,Urban,0
54,Male,1052153,Salaried,Not Graduate,Married,3,1483334,24,829,No,Urban,1
32,Male,197645,Unemployed,Graduate,Married,0,1247961,240,399,No,Urban,0
62,Male,389608,Unemployed,Graduate,Married,1,295398,60,778,No,Urban,1
29,Male,697571,Salaried,Not Graduate,Single,3,387330,60,767,No,Rural,1
35,Male,1714945,Salaried,Not Graduate,Single,2,272832,360,591,No,Semiurban,1
60,Female,499115,Salaried,Graduate,Married,2,1549543,60,424,No,Semiurban,0
45,Male,1913059,Salaried,Graduate,Single,3,1413212,240,818,Yes,Urban,1
25,Male,252780,Salaried,Not Graduate,Single,4,1391084,12,322,Yes,Rural,0
31,Male,1621816,Unemployed,Graduate,Married,0,1510153,120,461,No,Urban,0
54,Female,1641422,Unemployed,Not Graduate,Married,0,642237,360,805,No,Semiurban,1
44,Female,967166,Salaried,Not Graduate,Married,3,1204906,60,320,No,Semiurban,0
35,Female,1199091,Salaried,Not Graduate,Single,1,1522862,120,763,No,Rural,1
58,Male,1003159,Self-Employed,Graduate,Single,4,1202298,24,782,No,Urban,0
28,Female,1951736,Self-Employed,Not Graduate,Married,1,1776345,360,801,Yes,Rural,1
25,Male,1045596,Salaried,Graduate,Single,3,79854,12,608,No,Urban,1
46,Male,1506936,Salaried,Not Graduate,Single,3,1195318,24,895,No,Rural,1
38,Female,483977,Salaried,Graduate,Single,1,693913,120,852,No,Semiurban,1
26,Male,733043,Salaried,Graduate,Married,2,1652519,180,502,No,Rural,0
57,Male,1750720,Salaried,Graduate,Married,3,479581,240,715,No,Semiurban,1
33,Male,658175,Salaried,Graduate,Married,4,1575090,180,441,No,Semiurban,0
48,Female,1272446,Self-Employed,Graduate,Married,1,902588,60,406,No,Urban,0
25,Male,1335656,Salaried,Not Graduate,Married,2,1328881,180,828,No,Rural,1
33,Male,1992995,Salaried,Graduate,Single,1,171232,24,836,No,Rural,1
37,Female,246502,Salaried,Not Graduate,Single,2,762084,360,875,Yes,Rural,1
60,Male,740611,Self-Employed,Graduate,Single,2,327599,240,590,No,Rural,1
52,Male,582206,Self-Employed,Graduate,Single,4,793106,180,610,No,Urban,1
49,Female,1994881,Salaried,Graduate,Single,3,1015177,36,684,Yes,Urban,1
23,Male,887902,Salaried,Graduate,Single,2,1754910,12,352,Yes,Urban,0
60,Male,1677553,Unemployed,Not Graduate,Married,3,849111,120,884,No,Semiurban,1
54,Male,841804,Salaried,Graduate,Married,4,1291439,360,482,No,Semiurban,0
60,Male,578556,Salaried,Graduate,Single,3,77429,240,668,Yes,Semiurban,1
47,Male,1828083,Salaried,Graduate,Married,0,330217,360,312,No,Urban,1
33,Female,1727897,Salaried,Not Graduate,Single,2,644495,60,858,No,Semiurban,1
53,Female,485468,Salaried,Graduate,Single,4,80365,24,459,No,Rural,1
26,Female,1832620,Unemployed,Graduate,Married,1,1613400,12,583,No,Semiurban,0
44,Female,630350,Self-Employed,Graduate,Married,4,1023432,60,864,Yes,Urban,1
39,Male,646232,Salaried,Graduate,Single,2,817263,24,586,No,Urban,1
36,Male,1687031,Unemployed,Graduate,Married,4,1602906,180,307,No,Urban,0
60,Male,1460786,Salaried,Not Graduate,Single,1,910885,240,371,No,Urban,1
48,Male,1837023,Salaried,Graduate,Single,0,156657,120,397,No,Rural,1
53,Male,1899182,Self-Employed,Graduate,Single,2,1106360,240,386,No,Semiurban,0
61,Female,681821,Self-Employed,Graduate,Single,2,1473249,36,400,No,Semiurban,0
33,Female,1924088,Salaried,Graduate,Single,4,1066466,360,580,No,Urban,1
63,Male,1965517,Salaried,Graduate,Married,3,1228805,36,588,No,Semiurban,1
45,Male,1576548,Self-Employed,Not Graduate,Single,3,1330849,360,495,Yes,Rural,0
62,Male,1831892,Self-Employed,Not Graduate,Married,1,301428,240,690,No,Urban,1
56,Female,1996780,Self-Employed,Not Graduate,Single,0,695201,180,749,Yes,Semiurban,1
47,Male,1025817,Salaried,Not Graduate,Married,0,570715,120,667,No,Semiurban,1
58,Male,1116540,Salaried,Graduate,Single,4,193363,12,729,No,Semiurban,1
27,Male,400231,Salaried,Graduate,Married,4,527678,120,395,No,Semiurban,0
25,Female,1211516,Salaried,Graduate,Single,3,862586,180,560,No,Urban,1
63,Male,530171,Unemployed,Graduate,Single,0,1880810,24,811,No,Urban,0
51,Female,691220,Salaried,Graduate,Married,0,1910658,240,420,No,Rural,0
43,Female,1424953,Salaried,Graduate,Married,0,555092,240,665,No,Urban,1
62,Female,600043,Self-Employed,Graduate,Married,1,1298389,240,631,No,Semiurban,1
30,Female,1128935,Salaried,Not Graduate,Married,1,283420,240,351,No,Semiurban,1
52,Female,1223224,Salaried,Not Graduate,Married,4,1194406,12,695,No,Semiurban,1
63,Female,1180451,Self-Employed,Not Graduate,Married,3,348345,36,617,No,Rural,1
50,Male,182966,Self-Employed,Graduate,Single,2,482695,180,576,No,Urban,1
59,Male,570993,Self-Employed,Graduate,Single,3,1171496,24,896,No,Urban,1
51,Male,1454309,Salaried,Graduate,Single,1,263869,180,493,No,Urban,1
38,Female,313639,Self-Employed,Graduate,Married,1,511811,60,320,Yes,Semiurban,0
56,Male,396331,Self-Employed,Graduate,Married,4,737094,60,698,No,Semiurban,1
22,Female,1084678,Salaried,Graduate,Married,2,794287,60,501,No,Semiurban,1
34,Female,1241174,Salaried,Graduate,Single,0,1180027,36,765,No,Rural,1
33,Female,340271,Self-Employed,Graduate,Married,2,1859753,120,450,No,Rural,0
49,Male,557014,Salaried,Graduate,Single,2,1472889,12,458,No,Semiurban,0
32,Female,1132868,Self-Employed,Graduate,Married,2,149978,240,609,No,Rural,1
59,Female,997516,Salaried,Graduate,Married,4,1141144,36,803,No,Rural,1
22,Male,849597,Salaried,Graduate,Married,1,1871450,360,325,No,Rural,0
52,Male,1919433,Salaried,Graduate,Single,0,731153,24,365,No,Urban,1
33,Female,805538,Self-Employed,Graduate,Married,2,1412924,24,562,Yes,Rural,0
47,Female,398004,Salaried,Graduate,Single,0,754825,60,771,Yes,Semiurban,1
61,Male,1153510,Salaried,Not Graduate,Married,2,796201,360,466,Yes,Urban,0
37,Male,167118,Self-Employed,Not Graduate,Married,1,766743,12,453,No,Rural,0
60,Male,1221192,Self-Employed,Graduate,Married,0,591055,60,642,Yes,Semiurban,1
51,Female,281870,Unemployed,Graduate,Married,3,350796,24,712,No,Rural,0
54,Male,1468321,Salaried,Graduate,Single,1,1575524,24,483,No,Semiurban,1
44,Male,152795,Salaried,Graduate,Married,0,134244,240,493,No,Semiurban,1
55,Male,1296038,Unemployed,Graduate,Single,2,456599,120,301,Yes,Rural,0
26,Female,1637056,Self-Employed,Graduate,Married,2,1562576,240,514,No,Rural,1
39,Male,1563612,Salaried,Graduate,Married,1,1462453,120,886,No,Urban,1
50,Male,1533553,Salaried,Graduate,Married,1,372233,240,782,No,Rural,1
27,Male,1721480,Self-Employed,Not Graduate,Single,2,1125016,120,860,No,Semiurban,1
30,Male,1463804,Salaried,Graduate,Married,0,1413163,60,331,No,Urban,0
61,Male,1668438,Self-Employed,Not Graduate,Single,3,1941333,180,314,No,Semiurban,0
52,Female,937163,Salaried,Graduate,Single,4,792126,360,617,No,Semiurban,1
54,Female,1330777,Salaried,Graduate,Married,1,800550,12,542,Yes,Rural,1
48,Female,309094,Self-Employed,Not Graduate,Single,2,1154495,120,316,No,Semiurban,0
35,Male,413749,Salaried,Not Graduate,Married,0,197683,36,833,No,Rural,1
50,Female,1276082,Salaried,Graduate,Single,1,244555,120,380,No,Semiurban,1
57,Female,914601,Salaried,Graduate,Single,0,1514249,60,735,No,Urban,1
49,Female,1242706,Salaried,Graduate,Single,1,1022360,12,307,No,Rural,0
42,Male,1096769,Self-Employed,Graduate,Single,2,1074011,120,586,Yes,Urban,1
24,Male,313402,Self-Employed,Not Graduate,Married,0,876965,240,485,No,Rural,0
40,Female,1004901,Self-Employed,Not Graduate,Single,2,411970,12,823,No,Urban,1
52,Female,1344835,Salaried,Graduate,Married,0,1721859,36,721,No,Rural,1
56,Male,569007,Salaried,Graduate,Single,1,1782217,24,765,No,Urban,1
24,Male,1551156,Salaried,Graduate,Married,4,1952283,240,382,Yes,Urban,0
47,Female,1400258,Unemployed,Graduate,Married,4,969029,12,866,No,Rural,1
37,Male,1573061,Self-Employed,Not Graduate,Single,3,721813,180,782,Yes,Rural,1
32,Female,373034,Self-Employed,Not Graduate,Single,3,945176,120,624,No,Semiurban,0
42,Male,659394,Salaried,Graduate,Married,2,69507,240,718,No,Semiurban,1
37,Female,1822558,Salaried,Graduate,Single,0,784756,60,350,No,Rural,1
30,Female,694061,Salaried,Graduate,Single,3,1840580,180,326,No,Rural,0
21,Male,940671,Salaried,Graduate,Single,1,995410,360,844,No,Urban,1
42,Female,433007,Salaried,Not Graduate,Single,4,516401,360,361,No,Urban,0
46,Female,463559,Unemployed,Graduate,Single,0,1591383,180,470,Yes,Semiurban,0
38,Female,218968,Salaried,Graduate,Single,4,1373913,60,585,No,Semiurban,0
34,Male,643891,Salaried,Graduate,Single,0,539774,60,416,No,Semiurban,1
49,Male,734718,Salaried,Not Graduate,Single,3,1457912,360,303,No,Urban,0
32,Male,1448648,Unemployed,Graduate,Single,3,812431,60,365,No,Urban,0
56,Female,151515,Self-Employed,Not Graduate,Married,2,786809,180,359,No,Urban,0
55,Male,247206,Self-Employed,Not Graduate,Single,0,1424762,12,801,No,Semiurban,0
32,Female,395282,Unemployed,Not Graduate,Single,1,371660,60,528,Yes,Rural,0
27,Female,1958566,Salaried,Graduate,Single,3,1622744,24,399,No,Semiurban,1
49,Male,557821,Self-Employed,Graduate,Single,2,1572957,180,418,No,Urban,0
31,Male,992672,Salaried,Graduate,Single,3,1260340,180,368,No,Semiurban,0
53,Female,155586,Salaried,Graduate,Married,4,906922,180,520,Yes,Semiurban,0
26,Female,1168725,Self-Employed,Graduate,Married,3,83512,36,522,No,Semiurban,1
35,Male,1058806,Self-Employed,Graduate,Single,0,1764655,12,803,Yes,Semiurban,1
52,Male,919565,Salaried,Graduate,Married,2,1809363,12,510,No,Urban,0
31,Male,1754050,Salaried,Not Graduate,Single,0,1110978,60,874,Yes,Semiurban,1
43,Female,1749792,Salaried,Graduate,Single,1,1987888,180,561,No,Urban,1
46,Female,1952200,Salaried,Graduate,Married,1,694052,240,817,Yes,Semiurban,1
54,Female,1937023,Salaried,Not Graduate,Married,3,714576,180,547,No,Urban,1
54,Female,1583710,Salaried,Not Graduate,Married,2,295739,60,556,No,Rural,1
49,Female,1547749,Salaried,Not Graduate,Married,2,1129626,12,362,Yes,Urban,0
24,Male,694999,Self-Employed,Not Graduate,Married,2,1718672,360,691,Yes,Urban,0
37,Male,1777826,Salaried,Not Graduate,Single,2,100093,60,839,Yes,Rural,1
55,Female,170039,Salaried,Graduate,Single,3,55050,360,716,No,Rural,1
33,Female,1759425,Salaried,Graduate,Single,0,1098522,60,352,No,Rural,0
61,Male,356555,Self-Employed,Graduate,Married,3,883148,60,337,No,Rural,0
59,Male,1689663,Salaried,Graduate,Single,0,165455,60,607,No,Rural,1
35,Male,1148899,Salaried,Graduate,Married,4,445654,60,352,Yes,Rural,0
49,Male,1418306,Salaried,Graduate,Single,4,566929,120,751,No,Semiurban,1
49,Female,151577,Self-Employed,Graduate,Married,0,945118,120,760,No,Semiurban,1
31,Male,257792,Self-Employed,Graduate,Married,3,621719,180,785,No,Rural,1
52,Female,1095854,Self-Employed,Graduate,Single,1,1342021,180,436,No,Urban,1
22,Male,1970844,Unemployed,Not Graduate,Single,3,1074627,240,671,No,Urban,0
34,Male,1437116,Self-Employed,Graduate,Single,1,328904,240,555,No,Rural,1
40,Male,1101302,Self-Employed,Not Graduate,Single,3,1045118,120,694,No,Semiurban,1
42,Female,1427082,Salaried,Graduate,Married,2,1770409,12,336,Yes,Semiurban,0
31,Female,1935353,Salaried,Not Graduate,Single,2,93815,36,446,No,Urban,1
47,Male,160785,Unemployed,Not Graduate,Married,4,1816396,12,307,Yes,Rural,0
23,Female,1270803,Salaried,Graduate,Single,4,1501049,240,550,No,Semiurban,0
37,Female,1055112,Salaried,Graduate,Single,0,1710850,180,870,No,Rural,1
64,Male,998389,Self-Employed,Graduate,Single,1,75634,120,746,Yes,Rural,1
48,Male,1788295,Salaried,Not Graduate,Single,2,1421123,12,562,Yes,Urban,0
49,Female,1609089,Self-Employed,Not Graduate,Single,3,1145149,36,738,No,Rural,1
41,Female,1008326,Self-Employed,Not Graduate,Married,0,996152,360,558,Yes,Rural,0
36,Female,1446517,Salaried,Graduate,Single,3,1846648,60,622,No,Urban,0
57,Male,1917708,Self-Employed,Graduate,Married,2,1749963,24,829,Yes,Semiurban,1
40,Male,300653,Salaried,Not Graduate,Single,2,1895304,120,600,No,Rural,0
26,Female,467336,Salaried,Graduate,Married,2,503413,120,784,No,Urban,1
39,Male,413606,Salaried,Graduate,Single,2,858391,36,391,Yes,Semiurban,0
25,Male,540992,Self-Employed,Graduate,Single,3,64570,60,463,No,Rural,1
23,Female,1918109,Self-Employed,Not Graduate,Single,0,1396143,60,634,No,Semiurban,1
21,Female,1083015,Salaried,Graduate,Married,2,130263,24,614,No,Urban,1
58,Male,1536826,Self-Employed,Graduate,Married,4,1509691,360,537,No,Rural,0
35,Male,1509385,Salaried,Graduate,Single,0,1789721,60,382,Yes,Urban,0
54,Female,1898350,Unemployed,Not Graduate,Single,4,162446,360,408,Yes,Urban,0
55,Male,1541730,Salaried,Graduate,Single,3,768166,36,477,No,Rural,1
45,Male,1795437,Self-Employed,Graduate,Married,2,893395,360,549,Yes,Urban,1
44,Female,374737,Salaried,Graduate,Single,0,1597439,180,866,No,Semiurban,1
32,Female,1044235,Salaried,Not Graduate,Married,2,1569667,60,390,No,Urban,0
38,Male,793970,Salaried,Not Graduate,Single,2,84341,180,638,No,Rural,1
35,Male,1736250,Self-Employed,Not Graduate,Married,0,579885,240,468,No,Rural,1
64,Male,536213,Salaried,Graduate,Married,2,535864,240,438,No,Semiurban,1
36,Female,1253036,Unemployed,Not Graduate,Married,2,1594022,180,816,No,Rural,1
47,Male,549437,Salaried,Graduate,Single,1,1502036,36,877,Yes,Urban,1
28,Male,566690,Salaried,Graduate,Married,1,709156,120,483,No,Urban,1
45,Female,1173577,Salaried,Graduate,Single,0,1205703,120,469,No,Rural,1
37,Female,1313951,Self-Employed,Graduate,Married,0,1174165,120,661,Yes,Semiurban,1
49,Male,1049092,Salaried,Not Graduate,Single,2,471744,12,543,No,Semiurban,1
28,Female,302117,Self-Employed,Graduate,Married,4,821280,120,437,No,Rural,0
35,Female,1027751,Unemployed,Graduate,Married,0,1510440,36,327,No,Urban,0
47,Male,1315158,Unemployed,Graduate,Single,2,1968975,24,818,Yes,Rural,0
27,Female,1697485,Salaried,Graduate,Single,4,181607,240,697,No,Rural,1
23,Female,1072426,Self-Employed,Graduate,Married,1,1409189,60,632,No,Semiurban,1
49,Male,1965879,Self-Employed,Graduate,Married,0,1073692,120,616,No,Urban,0
64,Female,828066,Salaried,Graduate,Single,2,245984,12,862,No,Semiurban,1
44,Male,1775199,Self-Employed,Graduate,Married,1,1929501,240,725,Yes,Semiurban,1
23,Male,1951951,Salaried,Graduate,Married,3,1039921,360,435,No,Urban,1
40,Female,202949,Salaried,Not Graduate,Single,1,620073,240,566,No,Urban,1
35,Female,613930,Salaried,Graduate,Single,2,827426,180,406,No,Urban,0
45,Female,245558,Salaried,Not Graduate,Single,4,1445737,12,859,Yes,Rural,1
50,Male,1607032,Salaried,Not Graduate,Married,3,419915,36,437,No,Urban,1
34,Female,1159260,Salaried,Not Graduate,Married,3,441170,24,346,Yes,Rural,0
27,Male,939148,Self-Employed,Graduate,Married,3,1593169,120,667,No,Semiurban,1
37,Female,1346222,Salaried,Graduate,Single,0,557483,120,305,No,Urban,1
64,Female,1965751,Salaried,Not Graduate,Married,2,509777,12,822,No,Rural,1
40,Female,1665509,Salaried,Graduate,Single,3,736229,360,828,Yes,Rural,1
56,Male,1703091,Self-Employed,Graduate,Single,1,246166,36,571,Yes,Rural,1
29,Female,867186,Self-Employed,Graduate,Married,4,1854291,12,365,No,Rural,0
58,Female,1874149,Self-Employed,Graduate,Single,2,1128768,12,719,No,Semiurban,1
42,Male,221916,Self-Employed,Not Graduate,Married,1,1298805,24,638,No,Urban,0
22,Male,1920087,Salaried,Graduate,Single,0,654229,36,797,No,Urban,1
44,Female,1458166,Self-Employed,Graduate,Single,3,1942552,24,768,No,Urban,1
28,Female,922378,Salaried,Graduate,Single,1,1758339,36,630,No,Urban,0
31,Female,1773770,Salaried,Graduate,Married,2,1003595,120,430,No,Urban,1
33,Male,1985471,Self-Employed,Graduate,Single,1,1806446,60,829,Yes,Urban,1
37,Male,1273270,Salaried,Graduate,Married,0,1055565,180,737,No,Rural,1
28,Male,563867,Self-Employed,Not Graduate,Single,4,55017,60,542,No,Urban,1
41,Male,1005126,Self-Employed,Graduate,Single,3,1268851,360,762,No,Rural,1
38,Female,1480728,Salaried,Not Graduate,Single,2,761833,360,649,Yes,Semiurban,1
50,Male,1179242,Salaried,Graduate,Married,3,233195,240,316,No,Rural,0
38,Male,220474,Salaried,Graduate,Married,3,360404,36,765,No,Semiurban,1
51,Male,1761049,Unemployed,Graduate,Married,3,95938,60,662,No,Urban,1
58,Female,500068,Self-Employed,Graduate,Married,1,239001,12,509,No,Semiurban,0
52,Female,1460624,Salaried,Not Graduate,Married,1,1183841,120,824,No,Semiurban,1
31,Male,1141921,Salaried,Not Graduate,Single,4,1585758,360,719,No,Rural,1
45,Male,1979438,Self-Employed,Graduate,Single,0,1989128,180,432,No,Rural,0
53,Female,876499,Self-Employed,Graduate,Married,2,218444,180,313,Yes,Semiurban,0
58,Female,971412,Salaried,Not Graduate,Married,1,1986736,240,343,Yes,Semiurban,0
61,Female,1745368,Salaried,Graduate,Married,3,758612,180,676,Yes,Urban,1
28,Female,1253546,Self-Employed,Graduate,Married,0,326772,120,594,No,Rural,1
31,Female,1477486,Salaried,Not Graduate,Single,2,435383,60,695,No,Semiurban,1
42,Female,791232,Salaried,Graduate,Married,2,1242149,180,403,No,Rural,0
44,Female,554911,Unemployed,Not Graduate,Married,2,692453,360,744,Yes,Urban,0
61,Female,561012,Self-Employed,Graduate,Married,2,1974110,180,361,Yes,Urban,0
37,Male,1372191,Salaried,Not Graduate,Married,4,925792,36,864,Yes,Semiurban,1
32,Male,1696242,Salaried,Graduate,Single,2,1742210,12,711,Yes,Urban,1
52,Male,1887075,Salaried,Graduate,Single,0,380492,36,620,Yes,Semiurban,1
35,Male,1319070,Salaried,Graduate,Married,1,410492,60,430,No,Rural,1
36,Male,1957805,Self-Employed,Graduate,Single,0,142862,120,498,No,Rural,1
42,Male,1731666,Salaried,Graduate,Single,3,296393,120,335,No,Semiurban,1
48,Female,321277,Self-Employed,Graduate,Married,4,1620203,36,515,No,Semiurban,0
40,Female,641966,Unemployed,Graduate,Married,4,1107978,24,885,No,Semiurban,1
53,Male,446303,Salaried,Not Graduate,Single,3,666149,36,605,No,Rural,0
30,Male,1210092,Salaried,Graduate,Single,0,962553,360,866,No,Rural,1
60,Female,1511212,Salaried,Graduate,Single,0,232992,24,311,No,Urban,1
52,Female,965518,Unemployed,Graduate,Single,3,312084,240,382,Yes,Urban,0
53,Female,1836622,Self-Employed,Graduate,Single,2,681377,36,331,Yes,Rural,0
22,Male,1753344,Salaried,Graduate,Married,2,1648864,24,707,Yes,Rural,1
53,Female,333163,Self-Employed,Graduate,Single,1,926227,24,385,No,Semiurban,0
53,Male,1326599,Self-Employed,Not Graduate,Single,0,687173,180,710,Yes,Rural,1
61,Male,522339,Unemployed,Graduate,Single,0,772822,240,862,No,Rural,1
33,Female,1377414,Salaried,Graduate,Single,3,1033896,180,555,Yes,Urban,1
50,Female,975169,Salaried,Not Graduate,Single,3,1890996,24,540,No,Urban,0
53,Male,421409,Self-Employed,Not Graduate,Single,2,255351,24,751,Yes,Semiurban,1
33,Female,788453,Salaried,Graduate,Single,0,893431,12,300,No,Urban,0
46,Female,793789,Salaried,Not Graduate,Single,0,1037178,360,581,Yes,Semiurban,0
42,Male,1972193,Salaried,Graduate,Married,4,1339032,24,898,Yes,Rural,1
59,Female,1531710,Salaried,Not Graduate,Married,1,262690,360,813,No,Rural,1
22,Male,644670,Salaried,Graduate,Single,1,496642,180,418,No,Semiurban,1
58,Male,951818,Unemployed,Graduate,Married,2,1026328,24,804,Yes,Urban,0
59,Female,973857,Salaried,Not Graduate,Married,0,163174,120,379,No,Urban,1
46,Male,271635,Salaried,Graduate,Married,4,804270,12,518,No,Rural,0
35,Male,848614,Self-Employed,Graduate,Married,0,255471,24,816,No,Urban,1
54,Female,370935,Salaried,Graduate,Married,3,634947,180,765,No,Semiurban,1
62,Female,1710142,Salaried,Graduate,Married,2,1005294,180,817,No,Rural,1
64,Female,1252210,Self-Employed,Graduate,Single,1,820064,60,801,Yes,Urban,1
60,Male,1154221,Self-Employed,Graduate,Single,0,1193919,180,357,No,Rural,0
31,Male,853022,Self-Employed,Graduate,Married,2,465334,360,636,No,Rural,1
23,Female,1023420,Self-Employed,Graduate,Single,1,233097,12,809,No,Urban,1
26,Male,1957720,Salaried,Graduate,Married,0,1158514,360,725,No,Semiurban,1
29,Female,642503,Unemployed,Graduate,Single,4,1103725,180,859,No,Urban,0
26,Female,368599,Salaried,Graduate,Single,2,612367,120,669,No,Urban,1
29,Male,387919,Self-Employed,Not Graduate,Single,0,707844,36,710,No,Urban,1
59,Female,618668,Salaried,Graduate,Married,1,1022978,120,731,No,Urban,1
51,Male,553359,Unemployed,Graduate,Single,1,1582519,240,495,No,Urban,0
52,Male,1683183,Self-Employed,Not Graduate,Single,4,1474036,360,676,No,Urban,1
61,Female,1790307,Self-Employed,Not Graduate,Married,2,360745,120,664,Yes,Semiurban,1
32,Male,1490144,Salaried,Graduate,Married,2,564681,12,704,No,Rural,1
28,Female,1549564,Salaried,Not Graduate,Single,0,823253,12,791,No,Semiurban,1
28,Male,978416,Self-Employed,Graduate,Married,1,880241,60,365,No,Urban,0
48,Male,191505,Self-Employed,Not Graduate,Single,1,1250439,180,690,No,Semiurban,1
40,Male,1301054,Salaried,Graduate,Single,4,1823279,60,382,No,Rural,0
27,Female,1261275,Unemployed,Graduate,Married,4,207720,12,780,No,Semiurban,1
31,Male,1094461,Self-Employed,Graduate,Married,2,474306,180,528,No,Urban,1
40,Female,1617256,Salaried,Not Graduate,Single,1,402780,12,524,Yes,Rural,1
36,Male,1050444,Self-Employed,Graduate,Married,0,704654,12,412,Yes,Urban,0
24,Male,304721,Salaried,Graduate,Single,3,1326133,36,484,No,Urban,0
26,Female,1160165,Salaried,Graduate,Married,0,1200053,120,811,No,Rural,1
42,Female,971190,Salaried,Not Graduate,Married,4,1116433,60,472,No,Rural,0
46,Female,286668,Self-Employed,Not Graduate,Married,0,961737,360,822,No,Urban,1
23,Female,428518,Self-Employed,Graduate,Married,1,243399,60,504,No,Semiurban,0
61,Female,792974,Salaried,Graduate,Married,2,1866452,24,837,No,Rural,1
62,Male,1464495,Self-Employed,Graduate,Single,3,1323034,240,618,No,Semiurban,1
34,Male,1584520,Self-Employed,Graduate,Single,2,823386,36,458,No,Semiurban,1
31,Female,957461,Self-Employed,Not Graduate,Single,3,1272615,12,577,No,Rural,0
38,Male,758269,Salaried,Graduate,Married,3,1938717,12,447,No,Semiurban,0
32,Male,1514359,Self-Employed,Graduate,Single,1,1035452,36,382,No,Rural,0
43,Male,1312586,Salaried,Graduate,Single,1,229933,180,718,No,Rural,1
32,Female,1753969,Salaried,Graduate,Married,4,691127,60,837,No,Rural,1
33,Male,673472,Salaried,Graduate,Married,4,1822654,12,882,Yes,Rural,1
45,Male,556884,Salaried,Graduate,Married,3,173307,240,848,Yes,Semiurban,1
39,Male,409021,Self-Employed,Graduate,Single,4,172850,24,691,Yes,Semiurban,0
56,Female,297032,Salaried,Graduate,Single,1,70948,60,432,Yes,Rural,0
28,Male,800807,Self-Employed,Graduate,Married,4,345926,120,541,Yes,Rural,0
49,Male,1341005,Salaried,Graduate,Single,3,1804692,360,750,No,Rural,1
52,Female,607820,Salaried,Graduate,Single,2,1967797,360,499,No,Rural,0
64,Female,1039171,Unemployed,Not Graduate,Married,0,679505,240,416,No,Urban,0
38,Male,1512516,Self-Employed,Graduate,Single,4,806391,36,518,No,Semiurban,1
26,Male,427948,Salaried,Graduate,Married,1,1298036,60,604,No,Semiurban,0
38,Female,1850596,Salaried,Not Graduate,Single,2,527744,360,542,No,Rural,1
39,Female,1183237,Salaried,Graduate,Married,1,1034313,120,591,No,Urban,0
42,Female,1868562,Salaried,Graduate,Single,4,188721,24,600,No,Urban,1
57,Female,309204,Self-Employed,Graduate,Single,3,1782938,180,687,No,Urban,0
52,Female,1992959,Self-Employed,Graduate,Married,0,609011,360,887,No,Rural,1
61,Female,1073953,Salaried,Graduate,Married,0,124314,36,508,No,Urban,1
23,Female,1479785,Unemployed,Graduate,Married,2,926744,180,613,Yes,Rural,0
48,Male,1037935,Self-Employed,Not Graduate,Married,0,1299733,360,325,No,Urban,0
30,Female,255072,Salaried,Not Graduate,Single,3,262471,240,378,Yes,Rural,0
55,Female,814490,Salaried,Graduate,Married,1,848241,12,427,Yes,Rural,0
49,Male,239360,Self-Employed,Graduate,Married,3,713662,180,712,No,Semiurban,1
35,Female,212287,Self-Employed,Graduate,Married,2,320244,12,436,No,Rural,0
53,Female,1436585,Salaried,Graduate,Married,2,1822383,240,633,No,Urban,1
27,Male,857062,Salaried,Graduate,Married,0,389771,360,847,No,Semiurban,1
32,Female,842353,Salaried,Not Graduate,Single,3,648923,120,687,No,Urban,1
50,Male,837235,Self-Employed,Graduate,Married,1,1415740,60,870,No,Rural,1
41,Male,920644,Salaried,Not Graduate,Married,3,579951,24,529,Yes,Semiurban,0
51,Male,811414,Salaried,Not Graduate,Married,1,1980448,120,720,No,Rural,1
44,Male,380881,Self-Employed,Not Graduate,Single,1,537043,24,423,No,Rural,0
40,Female,1305933,Unemployed,Graduate,Single,3,1798585,180,387,No,Urban,0
57,Male,1640309,Unemployed,Graduate,Single,4,883568,24,440,Yes,Urban,0
24,Male,357440,Salaried,Graduate,Married,3,820602,180,350,Yes,Urban,0
48,Female,703958,Salaried,Graduate,Married,1,1878719,24,866,No,Semiurban,1
64,Male,1024820,Salaried,Graduate,Single,2,943034,36,704,No,Urban,1
40,Male,1549876,Salaried,Graduate,Single,2,1658968,120,636,No,Rural,1
44,Male,1357955,Unemployed,Graduate,Married,0,1662001,360,665,No,Semiurban,0
52,Male,918447,Salaried,Graduate,Married,2,1494326,360,557,Yes,Urban,0
61,Female,1396735,Salaried,Not Graduate,Married,4,1952770,36,687,No,Urban,1
56,Male,344152,Salaried,Graduate,Single,1,1544237,60,344,No,Urban,0
54,Female,753623,Salaried,Graduate,Married,3,714945,360,568,Yes,Rural,1
56,Female,962744,Self-Employed,Graduate,Married,3,1060300,60,610,No,Urban,1
22,Male,1172660,Salaried,Not Graduate,Single,4,536163,12,577,No,Rural,1
35,Male,1265561,Salaried,Graduate,Single,2,803830,360,774,No,Semiurban,1
54,Male,1853608,Salaried,Graduate,Single,1,1437158,12,866,Yes,Urban,1
56,Male,1974577,Salaried,Graduate,Married,2,86392,360,444,No,Rural,1
26,Female,1125112,Salaried,Not Graduate,Single,0,920699,360,534,No,Urban,1
59,Female,633178,Self-Employed,Not Graduate,Single,2,1312972,12,435,No,Urban,0
62,Female,1369925,Self-Employed,Graduate,Married,0,1088370,240,744,Yes,Semiurban,1
32,Male,705839,Self-Employed,Graduate,Married,3,212198,60,652,No,Semiurban,1
23,Female,764101,Unemployed,Graduate,Single,1,354629,24,693,No,Rural,1
38,Male,599813,Unemployed,Graduate,Married,0,554121,180,574,No,Rural,1
60,Male,1585062,Unemployed,Graduate,Single,2,1865343,240,683,No,Rural,0
41,Male,1899148,Salaried,Not Graduate,Married,2,357942,24,622,No,Semiurban,1
35,Male,1208213,Salaried,Not Graduate,Married,3,1822246,120,482,Yes,Rural,0
53,Male,1103197,Salaried,Graduate,Single,4,1238665,60,872,No,Semiurban,1
55,Female,1077328,Self-Employed,Graduate,Single,4,731060,360,739,Yes,Semiurban,1
46,Female,1852417,Unemployed,Graduate,Single,2,927112,360,362,Yes,Urban,0
28,Male,701238,Self-Employed,Not Graduate,Married,4,1194022,360,333,No,Urban,0
56,Female,566704,Salaried,Not Graduate,Single,1,551670,180,776,Yes,Rural,1
50,Male,1850734,Unemployed,Graduate,Married,4,1277327,180,386,No,Semiurban,0
43,Male,1696336,Salaried,Graduate,Married,1,273293,180,509,No,Semiurban,1
62,Male,150215,Salaried,Graduate,Single,2,139938,12,761,No,Semiurban,1
64,Female,517747,Salaried,Graduate,Married,2,87232,180,380,No,Urban,0
34,Male,947955,Salaried,Not Graduate,Married,2,800959,180,621,No,Semiurban,1
34,Male,1005121,Salaried,Graduate,Single,3,1581453,60,714,Yes,Rural,1
22,Female,1222410,Salaried,Not Graduate,Married,4,1078189,24,489,No,Rural,0
57,Female,1495194,Salaried,Graduate,Married,0,1515812,240,532,Yes,Urban,1
25,Female,1765930,Self-Employed,Not Graduate,Single,0,933671,240,691,No,Rural,1
58,Male,1167375,Self-Employed,Graduate,Single,2,107172,360,468,No,Semiurban,1
61,Male,422544,Self-Employed,Not Graduate,Married,4,409449,24,742,No,Semiurban,1
34,Female,684633,Salaried,Graduate,Married,1,194818,36,467,Yes,Rural,0
59,Male,1232472,Self-Employed,Graduate,Married,0,303048,36,530,Yes,Urban,1
45,Female,1677222,Unemployed,Graduate,Married,2,1031041,120,449,No,Semiurban,0
40,Female,1697963,Salaried,Graduate,Single,0,578382,60,849,No,Semiurban,1
22,Male,964661,Salaried,Graduate,Married,0,1167042,36,685,No,Urban,1
59,Male,660269,Salaried,Graduate,Married,0,1984075,36,680,No,Semiurban,1
26,Female,1466303,Salaried,Not Graduate,Married,2,342899,60,574,Yes,Rural,1
37,Female,1072401,Self-Employed,Graduate,Married,2,1325289,24,361,Yes,Rural,0
45,Female,663622,Self-Employed,Not Graduate,Single,3,192624,360,766,No,Urban,1
48,Female,1270113,Salaried,Not Graduate,Married,3,544970,120,827,No,Urban,1
22,Male,1963353,Self-Employed,Graduate,Single,3,1289139,120,449,Yes,Rural,0
55,Female,547783,Self-Employed,Graduate,Single,0,1389720,120,441,No,Urban,0
57,Female,1797671,Unemployed,Graduate,Single,4,1839575,36,415,No,Rural,0
25,Female,803936,Salaried,Graduate,Single,2,1021457,24,364,Yes,Urban,0
21,Male,1049084,Unemployed,Graduate,Single,3,107564,120,728,No,Rural,1
60,Male,620455,Salaried,Not Graduate,Married,4,719462,60,609,No,Semiurban,0
32,Female,818689,Self-Employed,Graduate,Single,3,182933,120,729,No,Semiurban,1
56,Male,382117,Salaried,Graduate,Single,3,1404294,240,460,No,Rural,0
43,Male,1971644,Salaried,Graduate,Single,4,213754,12,605,Yes,Semiurban,1
51,Male,1532512,Self-Employed,Not Graduate,Married,3,653107,24,660,No,Rural,1
31,Female,1592020,Salaried,Graduate,Single,0,1451853,12,577,No,Urban,1
30,Female,1411862,Salaried,Graduate,Married,0,1344445,24,595,No,Semiurban,1
23,Male,711340,Salaried,Graduate,Single,0,652260,180,850,No,Semiurban,1
34,Female,600985,Self-Employed,Graduate,Single,1,1978968,60,468,No,Semiurban,0
36,Female,196032,Salaried,Not Graduate,Married,3,1819121,180,758,No,Rural,0
30,Male,654910,Self-Employed,Not Graduate,Married,1,1959434,36,879,Yes,Semiurban,1
49,Male,1156225,Salaried,Graduate,Married,2,1015624,36,306,No,Urban,0
30,Female,1494406,Salaried,Graduate,Single,4,1661161,180,896,No,Semiurban,1
32,Male,1013413,Salaried,Graduate,Married,2,1621968,24,431,No,Urban,0
50,Female,773090,Salaried,Graduate,Married,1,1737011,120,887,No,Semiurban,1
61,Female,1070313,Salaried,Graduate,Married,0,1631163,12,646,No,Semiurban,1
21,Male,1432913,Salaried,Graduate,Married,3,1664248,60,895,No,Urban,1
25,Female,1371433,Unemployed,Graduate,Married,3,429326,120,552,No,Semiurban,0
40,Female,579763,Self-Employed,Not Graduate,Single,0,388837,36,709,No,Urban,1
28,Male,454962,Salaried,Graduate,Married,3,1849235,120,842,No,Urban,1
63,Male,1532647,Salaried,Not Graduate,Single,4,1917695,360,654,No,Urban,0
32,Male,1919617,Self-Employed,Graduate,Married,4,769937,360,863,Yes,Semiurban,1
21,Female,491609,Salaried,Graduate,Married,4,1420767,180,667,No,Semiurban,0
40,Male,1943798,Salaried,Not Graduate,Single,2,191263,360,883,No,Urban,1
48,Male,900887,Self-Employed,Graduate,Single,0,237956,180,810,No,Semiurban,1
63,Male,787509,Self-Employed,Graduate,Single,4,367055,240,832,Yes,Rural,1
57,Male,449477,Self-Employed,Graduate,Single,1,913735,240,827,No,Urban,1
57,Female,1325033,Salaried,Graduate,Married,4,526663,12,827,Yes,Urban,1
32,Female,1477296,Salaried,Not Graduate,Single,2,1979173,360,701,No,Rural,1
57,Male,1318451,Self-Employed,Not Graduate,Married,1,1198906,36,474,Yes,Rural,0
64,Female,1030432,Salaried,Graduate,Married,0,1453200,24,377,No,Urban,0
48,Male,616995,Salaried,Graduate,Married,0,224798,360,739,Yes,Rural,1
35,Male,705889,Salaried,Graduate,Single,4,1133199,60,848,Yes,Urban,1
26,Female,1004378,Salaried,Graduate,Single,1,1605159,180,531,No,Semiurban,0
64,Female,1512836,Unemployed,Graduate,Single,1,1736083,360,699,Yes,Rural,0
40,Male,1716541,Self-Employed,Graduate,Married,4,1352974,60,512,No,Urban,1
34,Male,1709048,Self-Employed,Graduate,Single,4,1313165,36,492,No,Urban,0
22,Female,778474,Salaried,Graduate,Single,3,697377,24,871,No,Urban,1
29,Male,999326,Salaried,Graduate,Married,3,1410720,240,566,Yes,Rural,0
57,Female,839995,Salaried,Graduate,Single,4,1432214,180,425,No,Semiurban,0
40,Male,1992473,Salaried,Graduate,Married,2,523457,12,681,No,Semiurban,1
46,Male,1779618,Unemployed,Not Graduate,Single,3,1456892,60,843,No,Rural,1
49,Female,1427623,Salaried,Not Graduate,Single,4,1816963,360,801,No,Urban,1
21,Female,242850,Salaried,Graduate,Single,1,764355,36,702,Yes,Urban,1
55,Female,1046197,Salaried,Graduate,Single,3,1927884,60,560,No,Urban,0
26,Female,1939055,Self-Employed,Not Graduate,Single,2,1216793,360,686,No,Rural,1
57,Female,1553411,Salaried,Not Graduate,Married,0,1018574,240,711,No,Rural,1
25,Female,1761735,Salaried,Not Graduate,Single,1,402832,240,645,No,Urban,1
53,Female,1392522,Salaried,Graduate,Single,2,1989073,24,393,No,Urban,0
34,Male,620949,Self-Employed,Not Graduate,Single,2,640512,12,627,No,Urban,0
32,Male,965943,Salaried,Graduate,Single,2,599653,240,399,No,Rural,1
62,Male,1017392,Unemployed,Not Graduate,Single,1,1128239,24,760,No,Rural,0
40,Female,1116325,Self-Employed,Not Graduate,Single,2,1032940,240,614,No,Semiurban,0
44,Female,1447776,Salaried,Graduate,Single,0,1465330,180,324,No,Urban,0
63,Female,875527,Self-Employed,Not Graduate,Married,3,153376,120,793,No,Urban,1
54,Male,1505182,Salaried,Graduate,Married,1,1706139,24,652,No,Semiurban,1
45,Female,1653174,Unemployed,Not Graduate,Single,2,559591,24,416,Yes,Urban,0
49,Female,633410,Salaried,Graduate,Married,4,506427,60,498,No,Semiurban,1
59,Male,1957317,Salaried,Not Graduate,Single,3,191981,240,578,No,Rural,1
51,Female,1755438,Salaried,Graduate,Married,1,1683747,24,881,No,Semiurban,1
63,Male,1824936,Salaried,Not Graduate,Single,4,324857,36,378,Yes,Semiurban,1
43,Male,1633702,Unemployed,Graduate,Single,4,193686,180,723,No,Rural,1
64,Female,1403179,Salaried,Graduate,Married,2,550841,60,653,No,Urban,1
58,Female,1879122,Self-Employed,Graduate,Single,1,934529,60,825,No,Semiurban,1
40,Female,1876749,Salaried,Not Graduate,Married,2,70734,120,840,No,Semiurban,1
43,Male,884172,Unemployed,Graduate,Single,0,998213,180,776,Yes,Urban,0
36,Male,1939461,Salaried,Graduate,Single,4,1514677,360,309,No,Semiurban,0
62,Male,259779,Salaried,Graduate,Single,0,1694486,36,858,No,Rural,1
28,Female,1217133,Salaried,Not Graduate,Single,2,1701131,180,802,No,Semiurban,1
41,Female,1357708,Self-Employed,Graduate,Married,3,1053632,24,559,No,Urban,1
21,Female,602082,Salaried,Graduate,Single,4,456557,120,823,Yes,Urban,1
28,Female,484248,Salaried,Graduate,Married,3,613723,36,895,No,Semiurban,1
49,Male,1954841,Salaried,Graduate,Married,1,1111552,120,305,Yes,Urban,0
52,Male,1676369,Self-Employed,Graduate,Single,4,657198,180,334,No,Urban,1
58,Male,811440,Salaried,Graduate,Single,0,1616545,12,474,No,Semiurban,1
25,Male,1343502,Self-Employed,Not Graduate,Married,3,1045373,180,741,No,Semiurban,1
42,Female,873055,Salaried,Not Graduate,Married,1,448506,24,876,No,Urban,1
54,Female,1880961,Self-Employed,Graduate,Single,4,704465,120,446,No,Semiurban,1
21,Female,1382630,Unemployed,Graduate,Married,1,1668676,12,868,No,Rural,1
46,Male,715369,Salaried,Graduate,Married,0,1018032,24,492,No,Semiurban,1
63,Male,1071872,Salaried,Graduate,Married,4,1996849,120,312,No,Urban,0
30,Female,904981,Salaried,Not Graduate,Single,1,761759,120,829,Yes,Rural,1
50,Female,531325,Salaried,Graduate,Married,2,1540229,180,545,No,Urban,0
38,Male,963526,Salaried,Graduate,Married,4,1318770,240,413,No,Urban,0
37,Female,1113544,Self-Employed,Graduate,Married,4,370051,120,532,No,Rural,1
46,Male,478910,Salaried,Not Graduate,Married,4,170992,120,621,No,Semiurban,1
28,Male,1353639,Unemployed,Graduate,Single,4,918308,60,837,No,Urban,0
60,Male,1986309,Salaried,Graduate,Single,2,491939,240,425,No,Semiurban,1
32,Female,833970,Self-Employed,Graduate,Married,0,1920663,120,612,Yes,Semiurban,0
47,Female,755751,Salaried,Not Graduate,Married,2,295170,180,810,No,Rural,1
28,Male,1888614,Salaried,Not Graduate,Married,2,1023337,60,783,Yes,Urban,1
45,Female,1485186,Salaried,Graduate,Single,1,1309744,60,580,Yes,Rural,1
24,Male,623656,Salaried,Graduate,Single,3,1384717,360,582,Yes,Rural,0
53,Male,1108379,Salaried,Not Graduate,Married,3,116876,12,691,No,Urban,1
21,Male,1224657,Self-Employed,Graduate,Married,1,1733097,24,822,No,Urban,1
39,Male,1222930,Unemployed,Graduate,Single,2,1745524,60,681,No,Rural,0
51,Female,767585,Salaried,Graduate,Married,1,1255661,36,515,No,Rural,1
36,Male,954732,Salaried,Graduate,Married,4,1131438,60,841,No,Rural,1
34,Male,1262960,Salaried,Graduate,Single,1,1675312,360,415,Yes,Urban,0
25,Female,1844548,Salaried,Not Graduate,Single,1,1579610,36,808,Yes,Urban,1
61,Male,997324,Salaried,Graduate,Single,4,1091332,360,799,No,Rural,1
46,Male,185525,Self-Employed,Graduate,Single,3,488824,360,570,No,Urban,0
48,Female,1094036,Unemployed,Not Graduate,Single,4,1969620,240,739,Yes,Urban,0
22,Female,156464,Unemployed,Graduate,Married,0,168849,12,590,No,Urban,0
26,Female,1739426,Salaried,Graduate,Single,1,950492,36,338,No,Semiurban,1
29,Male,1778378,Self-Employed,Graduate,Single,1,1270542,12,323,No,Semiurban,1
53,Female,525572,Self-Employed,Not Graduate,Single,3,231721,12,342,Yes,Rural,0
61,Female,1311140,Salaried,Not Graduate,Single,2,1160680,12,469,No,Semiurban,0
45,Male,1568767,Salaried,Not Graduate,Single,4,1306107,36,639,No,Rural,1
33,Male,1666011,Self-Employed,Not Graduate,Single,2,614109,36,468,No,Rural,1
29,Male,706922,Salaried,Graduate,Married,0,229012,12,837,No,Urban,1
33,Male,1985068,Salaried,Graduate,Single,4,564618,240,771,Yes,Rural,1
51,Male,1994277,Salaried,Not Graduate,Married,0,1764871,12,442,No,Rural,0
61,Female,344215,Self-Employed,Graduate,Married,0,532793,240,400,No,Rural,0
31,Female,1745929,Salaried,Graduate,Single,0,1111043,24,874,No,Rural,1
24,Female,415039,Unemployed,Graduate,Single,4,565907,240,774,No,Urban,0
54,Male,1541579,Self-Employed,Graduate,Married,4,1106267,240,610,No,Urban,1
58,Male,1866288,Self-Employed,Not Graduate,Married,3,489754,240,883,Yes,Rural,1
24,Male,1117241,Salaried,Graduate,Married,1,1752979,12,359,Yes,Semiurban,0
58,Female,254127,Self-Employed,Graduate,Single,2,1254138,120,328,No,Semiurban,0
39,Female,246426,Salaried,Not Graduate,Married,2,1900696,24,830,Yes,Rural,0
26,Male,1099520,Salaried,Graduate,Single,0,1721369,24,372,Yes,Urban,0
54,Female,1390952,Salaried,Graduate,Single,4,100650,360,693,No,Rural,1
38,Male,1210538,Salaried,Graduate,Married,4,1767765,24,693,No,Rural,0
33,Female,183302,Self-Employed,Not Graduate,Single,0,1757022,120,780,Yes,Urban,0
61,Female,1546102,Salaried,Not Graduate,Single,1,290681,24,772,No,Semiurban,1
43,Female,154011,Salaried,Not Graduate,Married,2,1101166,24,612,Yes,Rural,0
39,Male,169782,Salaried,Not Graduate,Married,3,1007397,36,737,Yes,Urban,0
31,Female,1397339,Unemployed,Graduate,Single,1,647684,180,623,No,Urban,1
21,Female,1843518,Self-Employed,Not Graduate,Married,4,441941,360,386,Yes,Rural,0
44,Male,582941,Self-Employed,Not Graduate,Single,0,1005680,36,658,No,Urban,1
27,Female,1732060,Salaried,Graduate,Married,2,1166060,12,496,No,Rural,1
45,Male,1242035,Salaried,Graduate,Married,0,1200843,360,684,No,Semiurban,1
41,Male,761533,Unemployed,Not Graduate,Married,4,280069,12,417,Yes,Rural,0
35,Male,672829,Salaried,Not Graduate,Married,0,993799,360,797,No,Semiurban,1
21,Male,753151,Salaried,Not Graduate,Single,2,1136707,240,761,Yes,Urban,0
32,Male,1059638,Self-Employed,Not Graduate,Married,0,1274541,60,795,Yes,Rural,1
27,Female,1973327,Salaried,Graduate,Single,2,1372644,360,893,No,Urban,1
35,Male,1561730,Self-Employed,Graduate,Single,0,1727055,180,546,No,Rural,0
41,Male,1231345,Salaried,Graduate,Married,0,454067,120,533,Yes,Urban,1
39,Male,519673,Salaried,Graduate,Married,2,1892742,36,716,Yes,Semiurban,0
49,Male,1979297,Salaried,Not Graduate,Married,0,1272329,360,766,No,Rural,1
45,Female,1223276,Salaried,Graduate,Married,1,819855,12,781,No,Urban,1
53,Male,1969728,Self-Employed,Graduate,Married,3,1743269,120,664,No,Rural,1
52,Female,1934292,Self-Employed,Graduate,Single,1,1103869,24,452,No,Rural,1
55,Male,1143931,Salaried,Graduate,Married,3,1413923,120,571,No,Semiurban,0
64,Female,381237,Salaried,Graduate,Single,1,555365,36,691,Yes,Urban,1
58,Male,1990277,Self-Employed,Graduate,Single,3,981324,180,846,No,Rural,1
46,Male,1058063,Self-Employed,Graduate,Single,0,904259,60,729,Yes,Rural,1
31,Female,456024,Salaried,Graduate,Single,2,1014667,240,488,Yes,Rural,0
55,Male,264003,Salaried,Not Graduate,Married,2,1766327,36,551,No,Rural,0
28,Female,1337968,Salaried,Graduate,Married,4,1854938,240,694,No,Rural,1
34,Male,199589,Self-Employed,Graduate,Single,3,1863806,180,518,Yes,Urban,0
30,Female,400606,Unemployed,Graduate,Single,4,1882606,12,893,No,Rural,0
22,Male,881636,Salaried,Graduate,Married,4,1402690,240,489,No,Rural,0
29,Male,710185,Self-Employed,Graduate,Single,3,1800759,12,533,Yes,Rural,0
23,Female,339637,Salaried,Not Graduate,Married,2,1391516,120,531,Yes,Urban,0
41,Male,836290,Salaried,Not Graduate,Single,3,149345,36,657,Yes,Rural,1
46,Male,1911169,Salaried,Graduate,Married,0,657415,12,777,No,Rural,1
28,Male,1412469,Self-Employed,Graduate,Single,4,813536,24,874,No,Semiurban,1
22,Male,1999388,Salaried,Not Graduate,Single,4,1659253,24,728,No,Semiurban,1
26,Male,1930832,Salaried,Not Graduate,Single,3,1364072,60,536,No,Rural,0
48,Male,1269510,Salaried,Graduate,Married,4,434287,120,332,Yes,Rural,0
49,Female,730118,Salaried,Graduate,Married,2,526814,12,512,Yes,Semiurban,0
46,Female,417673,Salaried,Graduate,Married,4,733532,60,871,Yes,Urban,1
45,Female,1975228,Self-Employed,Graduate,Single,3,716297,24,678,Yes,Urban,1
32,Male,506742,Salaried,Graduate,Single,2,667945,60,301,Yes,Semiurban,0
25,Female,907582,Self-Employed,Graduate,Single,2,1571930,360,749,No,Rural,1
54,Male,232987,Salaried,Graduate,Single,4,943708,60,868,Yes,Semiurban,1
57,Male,1772042,Salaried,Graduate,Single,3,1973680,12,726,No,Urban,1
35,Male,1336585,Salaried,Not Graduate,Single,4,1820417,12,578,No,Semiurban,0
64,Male,1582672,Salaried,Not Graduate,Married,0,528564,12,513,No,Urban,1
56,Female,714174,Salaried,Graduate,Married,0,254581,120,584,Yes,Rural,1
35,Male,1772563,Salaried,Not Graduate,Married,2,991056,240,842,No,Rural,1
63,Female,1799260,Self-Employed,Graduate,Single,4,981622,60,573,No,Rural,1
43,Male,1813542,Self-Employed,Not Graduate,Married,0,61290,60,310,Yes,Urban,1
26,Female,699567,Salaried,Graduate,Single,1,861555,120,346,No,Semiurban,0
64,Female,581322,Salaried,Graduate,Single,0,262991,24,814,No,Rural,1
63,Female,260776,Salaried,Graduate,Married,4,1150712,36,737,No,Urban,1
41,Female,1824308,Salaried,Graduate,Single,4,1031390,240,883,No,Rural,1
43,Female,518444,Salaried,Not Graduate,Single,0,167278,24,726,No,Semiurban,1
63,Female,1312369,Self-Employed,Graduate,Single,4,1583784,120,731,No,Rural,1
36,Male,1576998,Salaried,Graduate,Single,4,1513219,240,429,No,Urban,0
35,Female,360809,Salaried,Graduate,Single,1,1625121,240,321,No,Urban,0
45,Male,1370192,Salaried,Graduate,Married,2,1690597,60,688,No,Rural,1
56,Female,1563967,Salaried,Graduate,Married,4,1762158,60,434,Yes,Rural,0
31,Male,1440838,Self-Employed,Graduate,Single,3,1254835,12,831,No,Urban,1
35,Female,683285,Salaried,Not Graduate,Single,2,785048,12,519,No,Rural,0
24,Female,1304678,Salaried,Not Graduate,Married,2,1512573,360,632,Yes,Rural,0
41,Male,1022143,Self-Employed,Not Graduate,Married,3,1748754,60,429,No,Rural,0
33,Female,1576765,Salaried,Graduate,Married,0,438826,60,331,No,Semiurban,1
42,Female,715148,Self-Employed,Not Graduate,Single,1,454220,180,724,No,Semiurban,1
39,Female,1463945,Self-Employed,Graduate,Married,4,419322,240,597,Yes,Semiurban,0
54,Male,1832978,Salaried,Graduate,Married,0,894032,12,803,Yes,Rural,1
34,Female,1126974,Self-Employed,Graduate,Single,3,1255163,12,656,No,Urban,1
24,Male,787506,Salaried,Not Graduate,Single,1,1703816,24,754,No,Rural,1
47,Female,672070,Salaried,Not Graduate,Married,1,1563480,60,700,No,Rural,1
49,Female,257041,Salaried,Not Graduate,Single,1,1564500,240,858,No,Semiurban,1
48,Male,524368,Salaried,Not Graduate,Married,3,560798,60,754,Yes,Urban,1
55,Female,475800,Self-Employed,Not Graduate,Married,0,1189464,120,333,Yes,Semiurban,0
28,Female,1643672,Self-Employed,Not Graduate,Single,4,1347068,24,547,No,Urban,0
36,Male,866438,Unemployed,Graduate,Single,1,697899,36,341,Yes,Rural,0
62,Female,631862,Self-Employed,Graduate,Married,1,628764,36,422,No,Rural,0
56,Male,1274866,Salaried,Graduate,Single,0,1456999,36,326,Yes,Rural,0
50,Male,1255209,Salaried,Graduate,Single,1,998716,240,761,No,Urban,1
38,Male,1319694,Salaried,Graduate,Single,1,142154,180,870,No,Semiurban,1
22,Female,848961,Salaried,Graduate,Single,3,1042201,12,446,No,Semiurban,0
33,Male,1201690,Salaried,Graduate,Single,2,1221113,240,795,No,Semiurban,1
24,Male,962934,Unemployed,Not Graduate,Single,0,1802469,36,785,No,Urban,0
46,Female,199768,Salaried,Not Graduate,Single,0,264075,120,759,No,Urban,1
45,Male,1508848,Salaried,Graduate,Married,0,399269,360,427,No,Rural,1
50,Female,1611820,Salaried,Graduate,Single,3,1267278,240,675,No,Semiurban,1
31,Female,1123069,Self-Employed,Graduate,Married,3,1036110,240,382,No,Urban,0
27,Female,233123,Self-Employed,Graduate,Single,4,815604,360,834,No,Semiurban,1
51,Female,1831119,Self-Employed,Not Graduate,Married,3,1434819,12,822,No,Semiurban,1
64,Male,316405,Salaried,Graduate,Single,0,534006,12,402,No,Urban,1
30,Male,153174,Self-Employed,Graduate,Married,4,1867171,36,818,No,Urban,1
59,Male,267769,Salaried,Not Graduate,Single,2,1751833,12,661,No,Rural,0
33,Male,447542,Self-Employed,Not Graduate,Married,1,459801,360,555,No,Rural,1
51,Male,579145,Salaried,Graduate,Single,1,1718697,24,546,Yes,Rural,0
27,Female,1333969,Salaried,Not Graduate,Single,4,885672,360,491,No,Semiurban,0
62,Male,1584269,Salaried,Graduate,Married,2,851204,360,834,No,Semiurban,1
62,Male,1949907,Self-Employed,Graduate,Married,1,1833927,24,613,No,Rural,1
56,Male,916868,Salaried,Graduate,Single,4,1563627,360,575,No,Semiurban,1
40,Female,1385069,Self-Employed,Graduate,Married,3,1305372,36,672,No,Semiurban,0
24,Female,746923,Salaried,Graduate,Married,0,423134,240,743,Yes,Semiurban,1
27,Male,1078864,Salaried,Graduate,Single,2,162315,120,494,No,Semiurban,1
21,Female,1864249,Salaried,Graduate,Married,1,1057803,12,557,No,Urban,1
64,Male,917166,Salaried,Not Graduate,Single,0,410197,60,881,Yes,Urban,1
62,Male,367070,Salaried,Graduate,Married,4,1972099,240,659,Yes,Rural,0
33,Female,549017,Salaried,Graduate,Single,1,1848795,36,847,No,Rural,1
42,Female,1999138,Self-Employed,Not Graduate,Married,0,1771874,180,407,No,Semiurban,1
41,Male,1081775,Salaried,Graduate,Single,3,1775919,12,323,No,Semiurban,0
42,Male,1607867,Unemployed,Not Graduate,Single,2,718234,36,764,No,Urban,0
48,Female,1694247,Self-Employed,Graduate,Married,4,140341,360,321,No,Semiurban,0
29,Male,519359,Self-Employed,Graduate,Married,1,1159472,36,801,Yes,Semiurban,0
46,Female,1348632,Salaried,Graduate,Single,3,1538001,120,800,No,Rural,1
29,Male,1024527,Salaried,Graduate,Single,2,82822,60,892,Yes,Semiurban,1
35,Female,997374,Salaried,Graduate,Married,2,726110,12,706,No,Urban,1
30,Male,293933,Self-Employed,Graduate,Married,3,938767,36,629,No,Semiurban,1
44,Male,1297546,Self-Employed,Graduate,Married,1,1009587,36,585,No,Semiurban,1
62,Female,1280779,Salaried,Graduate,Married,2,1216404,240,446,No,Semiurban,0
28,Male,1390895,Salaried,Graduate,Married,4,434910,12,683,No,Semiurban,1
44,Male,1398749,Self-Employed,Graduate,Married,0,1781882,360,310,No,Semiurban,0
36,Female,651946,Salaried,Graduate,Single,4,1095449,36,575,Yes,Urban,0
46,Male,826337,Self-Employed,Graduate,Married,2,182624,36,867,Yes,Rural,1
47,Male,1642409,Salaried,Graduate,Married,0,385475,36,602,No,Semiurban,1
57,Male,1416302,Self-Employed,Graduate,Married,3,186343,24,503,No,Rural,1
24,Female,1024609,Salaried,Not Graduate,Married,0,1965209,24,644,No,Rural,1
44,Female,1795766,Salaried,Graduate,Single,0,902083,60,565,Yes,Urban,1
39,Female,242172,Self-Employed,Not Graduate,Single,0,938349,120,321,No,Rural,0
56,Male,820990,Unemployed,Graduate,Single,2,210066,240,835,No,Semiurban,1
59,Male,694344,Salaried,Graduate,Single,1,1387906,240,395,No,Semiurban,0
30,Male,1337030,Salaried,Graduate,Married,2,1128843,12,744,No,Semiurban,1
45,Male,1254315,Self-Employed,Not Graduate,Single,1,1924148,120,562,No,Semiurban,0
38,Female,198639,Unemployed,Graduate,Married,3,1868370,360,883,No,Urban,0
39,Male,603054,Self-Employed,Graduate,Married,3,992439,120,682,Yes,Rural,0
56,Male,589257,Unemployed,Graduate,Single,3,868180,240,849,Yes,Urban,0
30,Male,937424,Salaried,Graduate,Single,3,1713003,360,691,Yes,Rural,0
53,Female,746682,Salaried,Graduate,Married,3,447053,24,839,No,Urban,1
25,Male,479801,Self-Employed,Graduate,Single,4,1687739,60,391,Yes,Urban,0
55,Male,963592,Self-Employed,Graduate,Single,2,1593629,360,865,No,Urban,1
64,Male,332447,Salaried,Graduate,Married,1,1292342,360,458,No,Semiurban,0
54,Male,498586,Salaried,Graduate,Married,3,452826,120,527,No,Semiurban,0
53,Male,824932,Self-Employed,Not Graduate,Married,4,1127191,240,772,No,Urban,1
41,Female,530069,Salaried,Not Graduate,Married,4,257716,120,671,Yes,Rural,1
37,Male,154136,Salaried,Graduate,Married,4,940567,36,675,Yes,Rural,0
42,Male,211868,Salaried,Graduate,Single,2,1514139,12,852,Yes,Semiurban,1
57,Male,494407,Self-Employed,Not Graduate,Married,3,608350,60,336,No,Urban,0
35,Male,968599,Self-Employed,Graduate,Married,4,1940130,240,336,No,Semiurban,0
55,Male,260957,Salaried,Graduate,Married,4,229503,12,400,Yes,Semiurban,0
48,Male,689767,Self-Employed,Not Graduate,Single,3,1171662,360,842,No,Semiurban,1
27,Male,269392,Self-Employed,Graduate,Married,2,1388925,24,489,No,Urban,0
52,Male,1885312,Salaried,Graduate,Married,4,854891,120,811,No,Urban,1
31,Male,810183,Self-Employed,Not Graduate,Single,1,1866070,120,389,Yes,Semiurban,0
30,Male,930516,Salaried,Graduate,Married,0,292407,180,305,No,Urban,1
29,Female,1400104,Salaried,Not Graduate,Married,0,991254,12,438,No,Rural,1
34,Female,956017,Salaried,Not Graduate,Married,0,1339821,24,394,No,Rural,0
33,Female,1433423,Salaried,Not Graduate,Single,2,1912737,240,685,No,Semiurban,0
45,Female,1011501,Salaried,Graduate,Single,4,300967,180,422,No,Rural,1
22,Male,1500615,Self-Employed,Graduate,Married,0,1097941,360,584,Yes,Semiurban,0
55,Female,415864,Self-Employed,Graduate,Married,0,875017,180,665,No,Semiurban,1
27,Female,431411,Self-Employed,Graduate,Married,3,1182274,36,789,No,Semiurban,1
41,Male,1345344,Salaried,Graduate,Single,4,95635,180,624,No,Urban,1
38,Female,835328,Salaried,Graduate,Single,4,225926,180,706,No,Urban,1
23,Female,465508,Salaried,Graduate,Single,3,781586,36,818,No,Urban,1
62,Male,566561,Salaried,Graduate,Single,4,603392,120,376,No,Urban,0
59,Male,201567,Salaried,Graduate,Single,1,1049797,120,533,No,Semiurban,1
61,Male,241229,Self-Employed,Not Graduate,Single,2,326914,360,885,No,Urban,1
31,Female,1129111,Unemployed,Not Graduate,Married,3,309258,60,783,No,Rural,0
59,Female,1611177,Salaried,Not Graduate,Single,0,965182,180,763,No,Rural,1
44,Male,1675450,Salaried,Graduate,Married,4,817993,12,570,No,Urban,1
39,Male,1397892,Self-Employed,Not Graduate,Single,1,958677,120,766,No,Rural,1
24,Female,1919361,Salaried,Not Graduate,Married,1,1567785,24,768,Yes,Rural,1
46,Male,1014950,Self-Employed,Graduate,Single,2,1600130,240,846,No,Urban,1
58,Female,757132,Self-Employed,Graduate,Married,1,1771893,12,569,No,Semiurban,0
62,Male,1362567,Unemployed,Graduate,Married,4,1153754,60,677,No,Semiurban,0
52,Male,1813561,Salaried,Graduate,Married,4,931587,180,476,No,Semiurban,0
59,Female,1780060,Self-Employed,Graduate,Single,1,595116,36,573,No,Urban,1
56,Male,789888,Salaried,Graduate,Single,4,853603,60,326,No,Semiurban,0
60,Male,774913,Self-Employed,Not Graduate,Single,4,1853785,12,875,No,Semiurban,1
57,Male,1671193,Salaried,Graduate,Married,0,1553257,36,359,No,Rural,0
53,Female,1067999,Salaried,Graduate,Married,3,554879,360,516,Yes,Semiurban,0
56,Male,981187,Salaried,Not Graduate,Married,4,573277,24,569,No,Urban,1
23,Male,1231900,Salaried,Graduate,Single,4,571827,36,415,No,Semiurban,1
29,Male,1015361,Self-Employed,Not Graduate,Single,2,1800202,36,544,Yes,Rural,0
28,Male,544768,Self-Employed,Graduate,Married,3,309595,24,384,No,Rural,0
53,Male,201272,Self-Employed,Not Graduate,Single,3,1799875,120,898,No,Rural,0
26,Male,579069,Salaried,Graduate,Single,3,64202,120,749,No,Rural,1
61,Female,399264,Self-Employed,Graduate,Single,1,1791078,36,835,No,Semiurban,1
59,Female,838284,Salaried,Graduate,Single,0,507044,240,388,No,Rural,1
24,Male,1950323,Self-Employed,Not Graduate,Married,0,1185943,36,848,No,Rural,1
33,Female,1877825,Unemployed,Not Graduate,Single,2,633334,60,806,No,Rural,1
22,Female,386538,Salaried,Graduate,Single,3,1370569,240,707,No,Semiurban,0
25,Male,728963,Self-Employed,Not Graduate,Married,3,502488,120,570,No,Urban,1
64,Female,665447,Salaried,Graduate,Married,4,725799,24,823,No,Rural,1
47,Female,1272167,Salaried,Graduate,Single,1,1836462,180,793,Yes,Rural,1
52,Female,1661982,Salaried,Not Graduate,Single,1,391016,180,747,Yes,Rural,1
41,Female,303706,Salaried,Graduate,Single,2,1658208,36,842,Yes,Semiurban,1
28,Female,1493083,Self-Employed,Graduate,Single,0,234348,36,649,No,Semiurban,1
58,Female,1393400,Salaried,Not Graduate,Married,3,448267,180,627,No,Rural,1
28,Female,489148,Salaried,Not Graduate,Married,2,1016978,60,585,Yes,Urban,0
23,Female,1123902,Self-Employed,Not Graduate,Married,1,1174180,60,334,Yes,Rural,0
64,Male,903818,Self-Employed,Not Graduate,Single,1,310408,60,832,No,Urban,1
23,Male,977150,Unemployed,Graduate,Single,1,984471,360,787,No,Urban,0
42,Female,1312203,Self-Employed,Not Graduate,Married,3,989277,12,786,Yes,Semiurban,1
26,Female,1936852,Self-Employed,Graduate,Single,3,1863241,24,444,Yes,Semiurban,0
22,Male,439014,Salaried,Not Graduate,Married,3,932982,12,823,Yes,Semiurban,1
43,Female,1235970,Salaried,Graduate,Married,4,1697247,36,445,No,Urban,0
64,Female,988489,Salaried,Graduate,Married,0,1300065,60,802,Yes,Urban,1
22,Male,1278371,Salaried,Graduate,Married,1,1139758,60,826,No,Urban,1
58,Male,492553,Self-Employed,Graduate,Married,1,428954,180,571,No,Semiurban,0
37,Male,1998024,Salaried,Graduate,Married,4,244661,360,833,No,Semiurban,1
55,Female,192137,Self-Employed,Not Graduate,Married,1,1040739,180,394,Yes,Semiurban,0
54,Female,1591945,Salaried,Not Graduate,Single,1,1122756,240,746,No,Rural,1
43,Male,288925,Salaried,Graduate,Married,3,1868285,60,714,No,Urban,0
50,Male,686667,Salaried,Not Graduate,Married,3,1556164,360,556,No,Urban,0
28,Female,1083296,Self-Employed,Graduate,Single,0,1149948,120,561,Yes,Rural,0
42,Male,271169,Self-Employed,Graduate,Married,1,1202003,180,386,No,Urban,0
64,Female,1368015,Self-Employed,Graduate,Single,2,1606307,24,735,No,Urban,1
56,Female,1347748,Salaried,Not Graduate,Married,1,1691950,360,869,Yes,Rural,1
25,Male,1848946,Unemployed,Not Graduate,Single,1,1382883,12,407,No,Urban,0
33,Male,525233,Salaried,Graduate,Single,0,814298,360,318,No,Semiurban,1
49,Female,1130960,Salaried,Graduate,Single,2,768449,24,664,No,Rural,1
51,Male,1733913,Unemployed,Graduate,Married,1,431760,180,678,Yes,Urban,1
36,Male,1592578,Salaried,Graduate,Single,2,276283,60,459,Yes,Semiurban,1
62,Male,613120,Self-Employed,Graduate,Married,3,1340129,36,399,No,Urban,0
50,Male,1884635,Salaried,Graduate,Married,3,1131510,360,564,No,Rural,1
36,Female,984123,Self-Employed,Graduate,Married,2,629883,120,348,No,Semiurban,0
32,Female,1366688,Unemployed,Not Graduate,Married,1,1649456,180,714,No,Urban,0
37,Female,923815,Salaried,Graduate,Married,2,287685,24,358,No,Rural,1
36,Female,374062,Self-Employed,Graduate,Married,2,1645903,360,482,No,Urban,0
32,Male,207986,Salaried,Graduate,Married,3,944737,36,746,Yes,Urban,1
28,Male,581978,Self-Employed,Not Graduate,Single,2,1449982,180,600,No,Semiurban,0
40,Female,1877536,Salaried,Not Graduate,Married,4,805870,60,854,No,Urban,1
23,Female,1555494,Salaried,Not Graduate,Married,4,84018,240,653,No,Rural,1
36,Male,1944713,Salaried,Graduate,Single,3,1413878,60,512,Yes,Rural,0
50,Female,1939639,Salaried,Not Graduate,Married,1,307061,60,488,Yes,Semiurban,1
43,Female,1303891,Unemployed,Graduate,Single,1,1496350,60,646,Yes,Semiurban,0
48,Male,469348,Salaried,Graduate,Single,3,1392894,180,436,No,Urban,0
60,Female,1480805,Salaried,Graduate,Married,1,932373,240,329,No,Rural,0
25,Male,852214,Salaried,Graduate,Married,0,1272279,120,445,Yes,Semiurban,0
40,Male,1666589,Salaried,Not Graduate,Single,4,1035191,120,767,Yes,Urban,1
60,Female,1938205,Self-Employed,Not Graduate,Married,0,1988389,24,802,Yes,Urban,0
64,Male,845139,Unemployed,Graduate,Single,0,720912,180,490,No,Rural,0
21,Female,1910143,Salaried,Graduate,Single,0,1002569,360,770,Yes,Rural,1
50,Male,375687,Self-Employed,Graduate,Married,3,681820,360,644,No,Urban,0
41,Female,1494700,Self-Employed,Graduate,Single,0,871079,240,300,No,Rural,0
40,Female,992549,Salaried,Graduate,Married,2,107940,360,409,No,Urban,1
26,Female,295213,Self-Employed,Not Graduate,Married,1,1230268,240,363,No,Urban,0
42,Male,814704,Salaried,Not Graduate,Single,3,1777018,60,352,No,Rural,0
38,Male,165896,Self-Employed,Graduate,Single,2,727251,360,561,No,Semiurban,1
28,Female,239353,Self-Employed,Not Graduate,Married,2,1205142,120,828,No,Urban,0
59,Male,179813,Salaried,Graduate,Married,4,898827,180,601,No,Rural,1
52,Female,1938367,Unemployed,Graduate,Married,4,1149531,36,533,No,Urban,0
53,Female,1264255,Self-Employed,Graduate,Single,2,344458,120,372,No,Urban,0
36,Male,816041,Salaried,Graduate,Married,4,466716,360,656,No,Urban,1
32,Female,1926839,Self-Employed,Not Graduate,Single,1,1152261,120,783,No,Rural,1
58,Male,1988236,Salaried,Graduate,Single,1,698235,240,305,No,Rural,1
54,Female,1596374,Unemployed,Graduate,Single,4,1949791,24,436,No,Rural,0
34,Male,359755,Self-Employed,Graduate,Married,0,150229,120,703,Yes,Semiurban,1
56,Female,423541,Salaried,Not Graduate,Single,2,886621,36,854,No,Urban,1
53,Female,1497731,Salaried,Graduate,Married,1,405698,60,869,No,Semiurban,1
43,Male,1802047,Self-Employed,Not Graduate,Single,4,1118143,12,505,No,Urban,0
22,Female,505398,Salaried,Not Graduate,Married,4,1517770,24,709,No,Rural,0
61,Female,1636056,Salaried,Graduate,Married,1,1436809,36,335,Yes,Urban,1
41,Male,1765181,Salaried,Graduate,Single,1,714990,24,529,No,Urban,1
22,Female,1377562,Salaried,Not Graduate,Married,0,1503795,360,526,No,Urban,0
47,Male,365705,Salaried,Graduate,Single,4,1402164,180,561,Yes,Semiurban,0
29,Female,1191741,Salaried,Not Graduate,Single,4,136184,360,430,No,Rural,1
21,Male,1899190,Salaried,Graduate,Single,3,1785543,60,876,Yes,Rural,1
31,Female,1500816,Self-Employed,Graduate,Single,0,1385541,120,747,Yes,Urban,1
23,Female,465929,Salaried,Not Graduate,Single,1,588889,360,485,Yes,Rural,1
43,Female,202344,Salaried,Not Graduate,Single,1,751264,180,485,No,Semiurban,0
46,Male,920348,Salaried,Not Graduate,Single,2,1211458,120,573,No,Semiurban,1
24,Male,625859,Self-Employed,Graduate,Married,1,1956665,360,651,Yes,Rural,0
38,Male,1056814,Salaried,Not Graduate,Single,4,1792493,240,712,No,Semiurban,0
26,Male,873906,Salaried,Not Graduate,Single,1,1806459,36,450,Yes,Semiurban,0
55,Female,608819,Salaried,Not Graduate,Married,4,393990,60,683,No,Rural,0
42,Female,1358060,Self-Employed,Graduate,Married,4,1411222,12,335,Yes,Rural,0
63,Male,1309065,Self-Employed,Graduate,Single,0,173409,12,625,Yes,Urban,1
35,Male,594874,Self-Employed,Not Graduate,Single,1,72098,120,764,Yes,Urban,1
42,Male,1691633,Self-Employed,Graduate,Single,0,226974,180,765,No,Semiurban,1
57,Female,1641341,Self-Employed,Graduate,Married,4,1217078,240,394,No,Rural,0
62,Male,1981531,Salaried,Graduate,Single,1,1843003,60,433,No,Semiurban,1
32,Male,161549,Self-Employed,Graduate,Married,1,1793189,60,461,Yes,Rural,0
62,Female,1663008,Salaried,Graduate,Single,0,1436236,36,855,No,Semiurban,1
58,Female,175739,Self-Employed,Graduate,Single,0,1878518,180,599,No,Semiurban,0
38,Male,957641,Self-Employed,Not Graduate,Married,4,1142856,12,655,Yes,Semiurban,0
55,Female,781339,Salaried,Graduate,Single,4,845383,36,539,Yes,Urban,0
50,Male,1213692,Salaried,Graduate,Single,1,1106693,360,863,Yes,Rural,1
44,Female,694333,Salaried,Graduate,Single,1,75979,24,885,No,Semiurban,1
62,Male,1093831,Self-Employed,Graduate,Married,3,517741,60,466,No,Urban,1
50,Male,185709,Self-Employed,Graduate,Single,3,66915,12,439,No,Semiurban,0
34,Male,1127643,Self-Employed,Not Graduate,Single,2,371405,36,438,Yes,Semiurban,0
26,Male,1880841,Salaried,Graduate,Married,4,1586863,120,534,No,Rural,1
23,Female,1131652,Self-Employed,Not Graduate,Married,2,803020,24,302,No,Semiurban,0
36,Female,1926539,Self-Employed,Graduate,Single,2,693113,36,555,Yes,Rural,1
27,Female,379167,Self-Employed,Graduate,Single,0,1863848,120,670,No,Urban,0
34,Female,455063,Salaried,Graduate,Married,0,411046,12,577,No,Urban,1
29,Male,1019953,Salaried,Graduate,Single,3,1433684,12,815,Yes,Semiurban,1
35,Male,636121,Self-Employed,Not Graduate,Single,2,1057921,24,511,No,Urban,0
41,Female,1150904,Self-Employed,Not Graduate,Married,3,513656,120,515,No,Rural,1
55,Female,369222,Unemployed,Graduate,Single,4,1396397,60,569,No,Rural,0
22,Female,863806,Salaried,Graduate,Single,1,555071,240,775,No,Urban,1
47,Female,857788,Salaried,Graduate,Married,0,1410550,240,827,Yes,Rural,1
22,Female,1115398,Unemployed,Graduate,Single,4,1020040,12,363,No,Rural,0
55,Male,1148653,Salaried,Not Graduate,Single,4,583210,180,759,No,Semiurban,1
38,Male,942879,Self-Employed,Graduate,Single,0,1195272,60,315,No,Semiurban,0
34,Male,1728363,Salaried,Not Graduate,Married,0,1166137,60,863,No,Rural,1
40,Female,1761905,Salaried,Graduate,Single,2,1373940,240,318,No,Urban,0
38,Female,1492035,Self-Employed,Graduate,Married,3,103380,36,624,Yes,Rural,1
30,Female,282371,Self-Employed,Graduate,Married,4,445982,360,392,Yes,Semiurban,0
45,Female,532650,Salaried,Graduate,Single,2,789378,36,316,Yes,Urban,0
22,Male,1172509,Salaried,Not Graduate,Married,2,1744313,12,787,Yes,Rural,1
45,Male,810354,Self-Employed,Graduate,Single,4,476375,60,393,Yes,Urban,0
53,Female,900774,Salaried,Not Graduate,Single,4,323079,36,309,No,Urban,0
56,Male,1410811,Self-Employed,Graduate,Single,1,315928,120,827,No,Urban,1
51,Male,932119,Salaried,Not Graduate,Married,3,531802,120,788,No,Rural,1
34,Female,1074993,Self-Employed,Graduate,Single,4,725581,360,443,No,Semiurban,0
21,Female,503791,Unemployed,Not Graduate,Single,0,68069,120,853,No,Urban,0
36,Female,1493075,Self-Employed,Not Graduate,Single,1,1481905,360,814,Yes,Urban,1
23,Female,1534525,Salaried,Not Graduate,Married,3,1134258,120,769,No,Rural,1
55,Female,1529087,Self-Employed,Graduate,Married,0,1472267,360,676,No,Semiurban,1
61,Female,1570626,Salaried,Not Graduate,Single,0,1192879,360,793,Yes,Semiurban,1
26,Male,1578129,Salaried,Graduate,Single,3,1962826,360,783,No,Rural,1
45,Male,1013787,Unemployed,Graduate,Single,1,423413,60,751,Yes,Urban,1
33,Female,266220,Self-Employed,Graduate,Single,0,736592,120,835,Yes,Rural,1
54,Male,371421,Self-Employed,Graduate,Married,2,1094013,60,374,Yes,Semiurban,0
28,Female,499317,Salaried,Not Graduate,Married,3,880705,240,339,No,Urban,0
41,Female,938428,Salaried,Graduate,Married,3,105210,12,601,No,Urban,1
54,Female,1973935,Salaried,Graduate,Married,4,385335,360,851,No,Semiurban,1
24,Female,980819,Self-Employed,Graduate,Married,1,1914469,12,361,No,Urban,0
45,Male,1182469,Self-Employed,Graduate,Married,2,1889618,120,802,Yes,Rural,0
35,Female,1201665,Salaried,Graduate,Married,2,369117,120,544,No,Semiurban,1
24,Male,1035259,Self-Employed,Graduate,Single,4,1050508,120,317,No,Semiurban,0
32,Female,1481379,Salaried,Graduate,Single,0,1761519,360,697,Yes,Urban,1
52,Female,1505898,Salaried,Graduate,Single,0,1124159,12,893,No,Semiurban,1
52,Female,1711845,Salaried,Not Graduate,Single,2,723061,36,488,Yes,Rural,1
48,Male,770253,Salaried,Not Graduate,Single,1,319024,12,403,Yes,Semiurban,1
33,Female,755556,Salaried,Not Graduate,Single,0,1592445,120,643,No,Urban,1
51,Female,497186,Unemployed,Graduate,Married,3,139257,36,670,No,Semiurban,0
34,Female,1567191,Salaried,Graduate,Single,4,1543637,360,332,No,Urban,0
40,Male,1400374,Unemployed,Graduate,Married,1,810872,36,673,No,Urban,1
38,Male,1530831,Salaried,Graduate,Single,0,797750,24,477,No,Rural,1
49,Male,387103,Unemployed,Graduate,Married,2,162024,240,311,No,Semiurban,0
26,Female,1967618,Self-Employed,Graduate,Married,4,1433137,60,755,No,Rural,1
52,Male,839925,Unemployed,Graduate,Single,0,578010,240,548,No,Rural,1
49,Female,239242,Salaried,Graduate,Single,2,70077,120,747,No,Semiurban,1
63,Male,1573924,Self-Employed,Not Graduate,Single,0,1179444,60,869,No,Rural,1
22,Male,1197146,Unemployed,Graduate,Single,4,1873016,24,303,No,Rural,0
43,Female,1352532,Salaried,Graduate,Single,3,1750294,60,535,No,Urban,0
39,Male,734326,Salaried,Graduate,Married,3,1335176,120,472,No,Rural,0
51,Female,1780650,Salaried,Graduate,Single,2,1373949,24,621,No,Semiurban,1
25,Female,1046068,Unemployed,Graduate,Married,3,385482,60,670,Yes,Urban,0
39,Male,910330,Salaried,Graduate,Married,4,767039,360,847,No,Rural,1
54,Female,985726,Salaried,Graduate,Married,2,1579429,12,595,No,Rural,0
30,Female,883375,Salaried,Not Graduate,Single,0,454655,36,699,No,Semiurban,1
45,Male,315250,Salaried,Not Graduate,Single,1,1101174,240,357,No,Rural,0
22,Male,672820,Self-Employed,Graduate,Single,0,666585,24,829,Yes,Semiurban,1
31,Female,412678,Salaried,Graduate,Single,4,62741,12,847,No,Rural,1
51,Male,972564,Self-Employed,Graduate,Single,2,1167936,120,707,Yes,Rural,1
35,Female,448254,Unemployed,Not Graduate,Single,0,1397008,36,812,No,Semiurban,0
29,Female,1912690,Salaried,Graduate,Married,2,182321,240,363,No,Urban,1
43,Male,1000012,Self-Employed,Graduate,Single,3,204042,24,873,No,Semiurban,1
39,Male,1614261,Salaried,Graduate,Married,1,65565,36,719,No,Urban,1
29,Male,1524736,Self-Employed,Graduate,Married,4,1417715,180,445,No,Urban,0
55,Male,196233,Salaried,Not Graduate,Single,0,789354,360,571,Yes,Semiurban,0
41,Female,1396356,Self-Employed,Graduate,Single,1,1674520,180,316,Yes,Semiurban,0
29,Female,601448,Salaried,Graduate,Single,4,1668629,24,397,No,Rural,0
48,Male,898810,Salaried,Graduate,Single,4,1755950,24,751,Yes,Rural,1
27,Male,1153941,Self-Employed,Graduate,Single,3,775840,60,542,Yes,Urban,0
36,Female,256311,Salaried,Not Graduate,Single,2,280324,36,778,No,Rural,1
36,Female,1757273,Self-Employed,Not Graduate,Married,2,164794,180,500,No,Semiurban,1
53,Female,1969095,Salaried,Graduate,Married,1,683275,240,772,No,Urban,1
24,Female,1600530,Self-Employed,Graduate,Married,3,457228,180,478,Yes,Rural,0
24,Male,646246,Salaried,Graduate,Married,4,1882995,36,807,Yes,Rural,0
59,Female,179709,Self-Employed,Graduate,Married,3,1332644,180,752,No,Semiurban,1
60,Female,1832185,Salaried,Graduate,Married,3,369642,240,569,No,Semiurban,1
37,Male,1198939,Salaried,Graduate,Single,1,905208,12,533,No,Rural,1
57,Female,1995366,Salaried,Graduate,Single,2,173675,360,785,Yes,Urban,1
59,Female,644829,Self-Employed,Graduate,Single,3,1160287,180,877,Yes,Urban,1
49,Male,546456,Salaried,Graduate,Married,3,92530,360,637,Yes,Semiurban,1
56,Male,1663993,Self-Employed,Not Graduate,Married,3,260339,180,747,No,Semiurban,1
58,Male,195689,Self-Employed,Graduate,Married,0,563207,120,883,Yes,Semiurban,1
59,Female,1462656,Salaried,Not Graduate,Single,3,461234,12,656,No,Rural,1
57,Female,1048704,Self-Employed,Graduate,Single,3,702524,60,348,Yes,Rural,0
55,Male,1813938,Salaried,Graduate,Single,4,1902924,24,795,No,Semiurban,1
27,Male,325037,Salaried,Not Graduate,Married,0,1138952,240,645,Yes,Urban,0
47,Female,358606,Self-Employed,Graduate,Married,3,947145,180,592,No,Semiurban,0
48,Male,1199458,Self-Employed,Not Graduate,Married,3,690416,240,449,Yes,Semiurban,0
42,Male,1612016,Self-Employed,Graduate,Single,1,770406,60,881,No,Urban,1
34,Male,929110,Salaried,Graduate,Married,1,1288390,60,844,No,Urban,1
27,Female,1324441,Salaried,Graduate,Single,0,1708430,12,559,Yes,Urban,0
57,Female,1179516,Salaried,Graduate,Single,4,1437845,240,621,No,Urban,0
42,Female,1846609,Self-Employed,Graduate,Single,0,1710383,24,376,No,Rural,1
25,Female,1622617,Salaried,Graduate,Single,0,62437,120,409,No,Rural,1
22,Female,1662532,Self-Employed,Graduate,Single,1,112146,60,846,No,Semiurban,1
47,Female,178885,Salaried,Graduate,Single,1,77618,120,722,No,Rural,1
41,Male,1893992,Salaried,Graduate,Single,4,1280415,24,693,Yes,Semiurban,1
58,Female,546419,Salaried,Graduate,Married,3,59705,24,534,Yes,Semiurban,1
35,Female,865601,Salaried,Graduate,Single,4,1811082,360,629,No,Urban,0
41,Male,545460,Salaried,Graduate,Married,3,269288,12,624,No,Urban,1
30,Female,510466,Self-Employed,Not Graduate,Single,2,917344,240,450,Yes,Rural,0
43,Female,1182833,Self-Employed,Not Graduate,Single,1,1412470,36,845,No,Rural,1
59,Male,1529339,Salaried,Graduate,Single,2,534172,240,331,Yes,Rural,0
25,Male,171584,Salaried,Not Graduate,Married,2,1667243,180,571,No,Rural,0
21,Male,1993529,Salaried,Graduate,Single,1,102682,12,667,No,Urban,1
33,Female,1903953,Self-Employed,Not Graduate,Single,2,245785,240,791,No,Urban,1
41,Male,969973,Salaried,Not Graduate,Married,0,1204470,120,615,Yes,Rural,1
46,Female,703351,Unemployed,Not Graduate,Married,3,237991,360,889,No,Semiurban,1
41,Female,1268844,Salaried,Graduate,Married,4,110384,240,887,No,Urban,1
38,Female,930594,Salaried,Graduate,Married,1,1229088,12,871,No,Urban,1
57,Female,1849082,Unemployed,Graduate,Single,0,887560,24,896,Yes,Urban,1
52,Male,1578926,Salaried,Not Graduate,Single,4,1119859,360,667,No,Urban,1
56,Male,1656744,Self-Employed,Graduate,Married,4,1672370,60,379,No,Rural,0
37,Female,1946990,Salaried,Not Graduate,Single,4,1337749,360,471,No,Rural,0
55,Male,1369211,Salaried,Graduate,Married,2,1807561,360,557,No,Semiurban,0
31,Female,320824,Salaried,Not Graduate,Married,2,1789899,180,578,No,Urban,0
41,Female,900593,Self-Employed,Graduate,Married,2,1341820,180,803,Yes,Rural,1
46,Female,1594359,Self-Employed,Graduate,Single,2,190251,36,857,No,Rural,1
24,Male,1607913,Salaried,Graduate,Married,0,930872,24,790,No,Urban,1
54,Female,750699,Unemployed,Graduate,Single,2,573743,180,884,No,Rural,1
38,Female,1308452,Salaried,Graduate,Single,1,1991657,360,865,No,Rural,1
60,Male,1396729,Salaried,Not Graduate,Single,4,1591002,180,636,Yes,Rural,0
55,Male,834500,Salaried,Graduate,Married,0,1110531,60,820,No,Semiurban,1
61,Male,814687,Salaried,Graduate,Single,2,1868008,120,625,No,Rural,0
49,Male,1138167,Salaried,Not Graduate,Married,4,450414,120,471,No,Urban,0
49,Female,173331,Unemployed,Graduate,Single,0,1558948,120,383,No,Urban,0
58,Male,173004,Salaried,Not Graduate,Single,4,1405308,12,823,No,Urban,0
62,Female,1437017,Salaried,Not Graduate,Single,0,454982,120,780,No,Rural,1
41,Male,1055675,Salaried,Graduate,Married,3,1195202,120,843,No,Semiurban,1
62,Male,1602284,Self-Employed,Graduate,Married,0,1807506,12,717,No,Rural,1
33,Male,598013,Self-Employed,Graduate,Married,2,906306,360,638,No,Urban,1
61,Male,339167,Salaried,Not Graduate,Married,4,1802615,360,619,No,Semiurban,0
37,Male,1081253,Salaried,Graduate,Single,4,427261,360,603,Yes,Semiurban,1
29,Male,1811908,Salaried,Graduate,Single,4,972805,60,571,No,Rural,1
61,Female,1994053,Salaried,Not Graduate,Married,1,1769080,24,413,No,Urban,0
21,Male,432260,Salaried,Graduate,Married,1,457000,180,706,No,Rural,1
22,Male,692955,Salaried,Not Graduate,Married,2,642247,36,325,No,Urban,0
49,Male,1535777,Salaried,Not Graduate,Married,3,1631136,180,536,Yes,Semiurban,0
53,Male,1797069,Salaried,Graduate,Single,1,1231221,360,609,No,Rural,1
30,Female,1225878,Salaried,Not Graduate,Married,0,1122995,360,532,Yes,Semiurban,0
60,Male,1603075,Unemployed,Not Graduate,Married,2,787699,120,848,Yes,Urban,1
41,Male,1360583,Unemployed,Graduate,Single,3,541986,120,564,No,Semiurban,1
48,Male,746822,Self-Employed,Graduate,Married,0,98555,240,312,No,Semiurban,0
31,Male,1948278,Salaried,Graduate,Single,4,186248,180,795,No,Semiurban,1
54,Female,1361272,Salaried,Graduate,Married,1,1265809,360,615,Yes,Rural,1
28,Male,1212016,Salaried,Not Graduate,Single,0,768800,180,683,No,Urban,1
42,Female,523145,Self-Employed,Graduate,Married,3,1861997,240,615,No,Semiurban,0
28,Male,1507221,Salaried,Graduate,Married,2,1812798,120,555,Yes,Semiurban,1
35,Female,544485,Self-Employed,Graduate,Married,0,1220658,360,740,No,Semiurban,1
37,Female,944300,Unemployed,Graduate,Married,2,720524,12,414,Yes,Semiurban,0
43,Male,835611,Salaried,Not Graduate,Married,4,520974,360,598,No,Urban,1
44,Male,490053,Self-Employed,Not Graduate,Single,3,1608515,12,423,No,Urban,0
39,Female,1807387,Salaried,Graduate,Married,3,599667,12,555,No,Rural,1
25,Female,844089,Salaried,Graduate,Single,1,1320837,36,346,No,Urban,0
52,Male,690022,Salaried,Graduate,Single,3,1051056,24,762,No,Urban,1
64,Female,1896365,Salaried,Graduate,Single,0,330512,120,649,No,Semiurban,1
21,Female,1370985,Self-Employed,Graduate,Single,0,1842977,60,422,No,Rural,0
43,Female,1632117,Salaried,Graduate,Married,0,1524563,180,330,No,Rural,0
57,Male,495744,Salaried,Not Graduate,Married,4,1556742,180,354,No,Semiurban,0
28,Female,1993441,Self-Employed,Graduate,Married,3,1269893,120,452,No,Rural,1
33,Female,657173,Self-Employed,Not Graduate,Married,3,1727166,120,755,Yes,Urban,0
28,Female,814471,Salaried,Graduate,Single,0,673194,120,585,Yes,Rural,1
43,Male,1826850,Self-Employed,Graduate,Single,1,1666191,180,335,No,Semiurban,0
63,Male,1836647,Self-Employed,Not Graduate,Single,1,1800390,240,555,Yes,Rural,0
21,Female,1410231,Salaried,Graduate,Married,3,930219,120,477,No,Rural,0
44,Male,1665412,Salaried,Not Graduate,Married,3,566596,180,847,No,Rural,1
55,Female,1870389,Salaried,Graduate,Married,2,1800677,24,553,No,Semiurban,1
44,Male,1939780,Self-Employed,Graduate,Married,3,606265,60,807,No,Urban,1
37,Male,582184,Self-Employed,Not Graduate,Single,0,1360032,12,320,No,Rural,0
25,Female,1359725,Self-Employed,Graduate,Married,4,56714,240,374,Yes,Urban,1
40,Male,389654,Salaried,Not Graduate,Married,3,156680,60,759,No,Urban,1
41,Male,577991,Salaried,Not Graduate,Single,3,913669,120,477,No,Urban,0
60,Male,1387792,Salaried,Graduate,Single,0,1506683,60,681,Yes,Rural,1
51,Female,1375745,Salaried,Graduate,Married,2,1593347,120,336,Yes,Urban,0
56,Male,960935,Self-Employed,Graduate,Married,3,626587,60,419,Yes,Rural,0
31,Male,808139,Self-Employed,Graduate,Single,1,1556959,36,300,Yes,Rural,0
35,Female,1023272,Salaried,Not Graduate,Married,1,1950132,360,610,Yes,Rural,0
39,Male,1330403,Salaried,Graduate,Single,1,1978060,60,507,No,Urban,0
27,Male,451407,Salaried,Graduate,Single,4,1925920,360,453,No,Rural,0
48,Male,467231,Salaried,Not Graduate,Married,4,951174,12,614,No,Semiurban,0
63,Male,725770,Salaried,Graduate,Single,3,518668,12,606,Yes,Semiurban,0
25,Male,272989,Salaried,Not Graduate,Married,3,1167022,240,803,No,Semiurban,1
25,Female,1609192,Salaried,Graduate,Married,3,1313438,60,819,No,Rural,1
50,Female,976547,Salaried,Not Graduate,Married,4,111516,180,396,No,Semiurban,0
52,Male,426393,Salaried,Graduate,Married,3,1748087,360,789,No,Rural,1
28,Male,1967119,Salaried,Graduate,Single,0,487466,180,306,No,Rural,1
30,Male,1114329,Self-Employed,Graduate,Married,2,1790052,180,311,No,Rural,0
58,Female,784649,Salaried,Graduate,Married,1,1182097,60,813,No,Urban,1
52,Female,449850,Unemployed,Not Graduate,Single,1,465367,180,648,Yes,Semiurban,0
48,Male,1559761,Salaried,Graduate,Married,0,962105,24,306,No,Rural,0
37,Male,191139,Salaried,Not Graduate,Married,3,1694230,60,799,No,Semiurban,1
51,Female,789207,Salaried,Graduate,Married,4,1273945,12,774,Yes,Semiurban,1
28,Male,921965,Salaried,Graduate,Married,3,1663752,360,823,No,Urban,1
60,Female,453446,Self-Employed,Graduate,Single,3,368339,240,356,No,Semiurban,1
45,Female,1424332,Salaried,Graduate,Single,1,920442,180,889,No,Rural,1
29,Male,1548558,Unemployed,Graduate,Married,1,776376,36,885,Yes,Rural,1
22,Female,1135663,Self-Employed,Graduate,Single,4,1304627,180,532,Yes,Semiurban,0
35,Male,814006,Salaried,Not Graduate,Single,1,1596466,12,329,No,Semiurban,0
23,Male,1867479,Salaried,Graduate,Single,3,235406,24,666,No,Urban,1
56,Male,1948432,Self-Employed,Graduate,Single,0,672762,60,355,No,Rural,0
24,Male,1195716,Salaried,Graduate,Married,4,1752850,180,309,No,Semiurban,0
34,Male,1876721,Self-Employed,Graduate,Single,0,642633,36,446,No,Semiurban,1
61,Male,1014785,Salaried,Not Graduate,Married,3,1745481,360,663,No,Rural,1
61,Female,1549712,Salaried,Graduate,Married,4,1256578,240,898,No,Semiurban,1
45,Female,987860,Salaried,Graduate,Single,0,1157693,12,552,No,Urban,1
30,Female,1746641,Salaried,Graduate,Married,4,859527,240,552,No,Semiurban,1
41,Female,207939,Self-Employed,Graduate,Single,3,1831418,240,742,Yes,Semiurban,0
56,Male,1644818,Salaried,Graduate,Married,4,1102567,36,639,No,Urban,1
32,Female,173548,Self-Employed,Graduate,Married,3,73519,360,815,No,Urban,1
47,Female,606437,Salaried,Graduate,Single,4,863089,120,652,No,Urban,0
60,Female,1848413,Salaried,Graduate,Married,4,837258,12,622,No,Rural,1
22,Male,583917,Salaried,Not Graduate,Single,1,223697,120,439,No,Semiurban,0
33,Female,594503,Salaried,Graduate,Married,3,1967057,36,744,No,Semiurban,0
52,Male,287799,Salaried,Not Graduate,Married,2,1640665,60,394,No,Urban,0
51,Female,915820,Salaried,Graduate,Single,4,473062,60,852,No,Rural,1
36,Male,331789,Self-Employed,Not Graduate,Single,0,89566,60,719,Yes,Urban,1
52,Male,575643,Salaried,Graduate,Single,1,1777093,240,813,Yes,Semiurban,1
52,Female,1870628,Salaried,Graduate,Married,1,209435,120,449,No,Rural,1
54,Male,1754489,Self-Employed,Graduate,Single,4,1491514,240,852,No,Rural,1
31,Male,584352,Self-Employed,Graduate,Single,2,972640,60,650,No,Semiurban,1
30,Female,1837745,Salaried,Graduate,Single,1,763297,240,415,No,Rural,1
35,Female,1644201,Salaried,Graduate,Single,3,591709,24,536,Yes,Rural,0
37,Female,952009,Self-Employed,Graduate,Married,4,306080,12,569,No,Urban,0
60,Male,1545875,Self-Employed,Graduate,Married,4,1355806,12,590,No,Rural,1
38,Male,261776,Salaried,Graduate,Married,2,128027,360,733,Yes,Urban,1
29,Male,1035678,Salaried,Not Graduate,Married,3,581834,240,308,Yes,Rural,0
45,Female,1956860,Self-Employed,Graduate,Married,3,383583,360,774,No,Urban,1
60,Male,932119,Salaried,Graduate,Married,2,1800559,36,821,No,Urban,1
34,Male,663624,Unemployed,Graduate,Single,0,852838,180,836,Yes,Rural,0
45,Male,362803,Salaried,Graduate,Married,3,442353,120,310,No,Urban,0
42,Male,308761,Self-Employed,Graduate,Single,0,1370545,12,626,No,Semiurban,0
50,Male,1865090,Salaried,Not Graduate,Single,0,1039327,240,894,No,Semiurban,1
40,Male,647873,Salaried,Graduate,Single,4,291569,120,575,No,Rural,1
41,Male,507092,Self-Employed,Graduate,Single,4,1094583,36,669,No,Rural,0
64,Female,171341,Salaried,Graduate,Married,1,346317,60,789,Yes,Rural,1
52,Female,509698,Salaried,Graduate,Married,4,1360112,180,644,Yes,Semiurban,0
41,Female,1404329,Salaried,Not Graduate,Married,3,1416339,36,667,No,Rural,1
55,Male,458474,Salaried,Not Graduate,Single,3,1443834,24,610,No,Rural,0
52,Male,923429,Salaried,Graduate,Married,0,419215,60,784,No,Urban,1
50,Female,1548479,Self-Employed,Graduate,Married,3,346518,60,314,No,Rural,0
59,Male,873776,Salaried,Graduate,Married,4,1029217,60,303,No,Semiurban,0
32,Female,1979003,Salaried,Graduate,Married,4,1795347,36,675,Yes,Semiurban,0
61,Male,1547527,Salaried,Graduate,Married,4,1425088,24,668,No,Rural,1
38,Male,969745,Self-Employed,Not Graduate,Married,2,1893324,180,764,Yes,Semiurban,0
41,Female,459044,Self-Employed,Graduate,Single,3,553166,120,832,No,Urban,1
33,Female,228840,Salaried,Graduate,Single,1,846988,36,436,Yes,Urban,0
41,Female,1364343,Salaried,Graduate,Married,3,977562,12,662,Yes,Rural,1
28,Female,311297,Unemployed,Not Graduate,Single,3,678842,12,515,Yes,Rural,0
60,Female,1022504,Salaried,Graduate,Single,2,281059,36,667,No,Urban,1
27,Male,199156,Self-Employed,Not Graduate,Married,3,1517274,120,416,Yes,Urban,0
43,Male,358281,Self-Employed,Graduate,Single,0,1143070,12,478,No,Rural,1
64,Male,237453,Self-Employed,Graduate,Married,4,992509,120,545,No,Semiurban,0
52,Female,1881765,Salaried,Not Graduate,Single,4,921103,60,427,No,Rural,0
31,Female,1148412,Self-Employed,Not Graduate,Married,2,532640,36,657,No,Rural,1
42,Female,175938,Self-Employed,Graduate,Single,4,1131057,60,377,No,Rural,0
42,Female,209164,Self-Employed,Graduate,Single,0,1126977,12,592,No,Rural,0
63,Female,597746,Salaried,Not Graduate,Single,2,614719,120,381,No,Rural,0
45,Female,873559,Salaried,Graduate,Single,1,376603,60,641,No,Rural,1
42,Male,734570,Salaried,Graduate,Married,4,1451193,12,637,No,Rural,0
48,Male,1508521,Salaried,Not Graduate,Single,3,173311,240,877,No,Semiurban,1
49,Male,552681,Self-Employed,Graduate,Married,0,1347058,24,395,No,Rural,0
33,Male,1464046,Salaried,Graduate,Married,0,1743191,60,444,No,Urban,1
38,Male,1881530,Salaried,Graduate,Single,4,784042,24,876,No,Rural,1
22,Female,1314395,Salaried,Graduate,Single,1,1063141,24,820,No,Semiurban,1
49,Female,1465483,Self-Employed,Graduate,Married,3,1044293,180,696,Yes,Urban,1
41,Female,631873,Unemployed,Graduate,Single,1,491720,360,656,Yes,Rural,0
35,Female,291900,Salaried,Graduate,Married,1,446439,12,485,No,Rural,0
47,Female,1508308,Salaried,Graduate,Single,4,514193,36,842,No,Urban,1
51,Female,947653,Salaried,Graduate,Married,3,289198,120,450,Yes,Rural,0
35,Male,554427,Self-Employed,Graduate,Single,4,90149,240,618,No,Semiurban,1
43,Female,687857,Self-Employed,Not Graduate,Single,4,1635727,12,358,No,Rural,0
44,Female,1426542,Unemployed,Graduate,Married,0,939920,180,309,No,Semiurban,0
64,Female,187860,Salaried,Not Graduate,Married,4,1259212,180,423,No,Rural,0
33,Female,352630,Unemployed,Graduate,Married,2,794984,240,655,No,Urban,0
42,Male,1721801,Salaried,Not Graduate,Single,3,1645363,60,645,No,Semiurban,1
63,Male,818875,Self-Employed,Graduate,Single,0,1337267,120,536,No,Rural,0
57,Female,745983,Salaried,Graduate,Single,3,1355704,180,632,No,Rural,1
53,Male,403078,Self-Employed,Not Graduate,Single,0,401362,36,316,No,Urban,0
23,Male,916887,Salaried,Not Graduate,Married,2,606420,12,723,No,Urban,1
39,Female,518893,Self-Employed,Graduate,Married,4,1224848,36,623,No,Semiurban,0
43,Female,1154731,Self-Employed,Not Graduate,Single,0,709893,60,322,Yes,Semiurban,0
49,Female,1354552,Salaried,Graduate,Single,0,788322,360,758,Yes,Semiurban,1
50,Female,865295,Salaried,Not Graduate,Single,0,392240,12,759,No,Rural,1
59,Female,1142652,Self-Employed,Graduate,Married,2,1526201,60,820,No,Rural,1
64,Male,1204212,Salaried,Graduate,Married,3,1573253,120,856,No,Semiurban,1
45,Female,411578,Salaried,Graduate,Single,2,1359661,120,720,No,Rural,1
57,Female,1537849,Salaried,Graduate,Married,0,60633,360,702,No,Urban,1
28,Female,433816,Self-Employed,Not Graduate,Single,0,1547999,36,630,Yes,Rural,0
62,Male,1990820,Salaried,Graduate,Single,4,1280183,36,756,No,Semiurban,1
36,Female,1426269,Salaried,Graduate,Married,2,1063165,120,782,No,Rural,1
28,Female,671393,Salaried,Graduate,Married,2,840428,24,797,No,Urban,1
21,Female,1199230,Salaried,Graduate,Married,1,181086,120,326,Yes,Semiurban,0
64,Male,728921,Self-Employed,Graduate,Married,3,1047935,240,696,No,Semiurban,1
25,Female,1215719,Unemployed,Graduate,Single,1,838106,12,487,No,Semiurban,0
23,Female,730222,Self-Employed,Not Graduate,Married,1,481083,240,439,No,Semiurban,0
21,Female,1528054,Salaried,Graduate,Married,3,1577329,60,820,No,Rural,1
24,Male,777751,Unemployed,Graduate,Married,4,631539,120,391,Yes,Urban,0
60,Female,275851,Salaried,Not Graduate,Married,4,761069,120,376,No,Rural,0
55,Female,703375,Salaried,Graduate,Single,3,432306,360,543,No,Rural,1
52,Female,816978,Unemployed,Not Graduate,Single,3,198936,360,387,No,Semiurban,0
62,Male,944878,Self-Employed,Not Graduate,Married,2,1387041,180,593,No,Urban,1
54,Female,461011,Self-Employed,Graduate,Married,2,1253730,60,394,No,Rural,0
63,Female,594244,Self-Employed,Graduate,Single,2,1085238,180,552,No,Urban,0
45,Female,308272,Salaried,Graduate,Single,2,1138707,60,850,No,Urban,1
30,Male,376179,Salaried,Graduate,Married,0,252565,240,698,Yes,Urban,1
41,Male,1024506,Self-Employed,Not Graduate,Single,0,185282,12,353,No,Urban,0
59,Female,1915401,Salaried,Graduate,Single,4,1343728,60,542,No,Rural,1
47,Male,1701292,Salaried,Graduate,Single,0,825519,36,409,Yes,Urban,1
47,Male,1416084,Self-Employed,Graduate,Single,0,1738527,360,520,Yes,Rural,1
22,Male,1841286,Self-Employed,Graduate,Married,2,1032090,120,863,Yes,Urban,1
61,Female,500036,Salaried,Graduate,Single,2,920037,360,461,No,Urban,0
33,Female,1418207,Self-Employed,Not Graduate,Single,3,609139,60,334,No,Rural,0
29,Male,532188,Self-Employed,Graduate,Married,2,863297,12,336,Yes,Semiurban,0
56,Male,189148,Self-Employed,Graduate,Married,3,920038,60,669,Yes,Rural,0
42,Male,1350346,Salaried,Graduate,Married,3,185230,120,476,No,Urban,1
62,Female,585686,Salaried,Not Graduate,Single,0,171497,24,820,Yes,Rural,1
46,Female,635287,Salaried,Graduate,Married,2,1418572,60,574,No,Urban,0
32,Male,1910399,Salaried,Not Graduate,Single,0,1410059,36,404,No,Rural,0
37,Male,445901,Salaried,Graduate,Married,2,937518,360,455,No,Rural,0
34,Male,228012,Salaried,Not Graduate,Single,0,857004,120,635,No,Rural,1
34,Male,1063475,Salaried,Graduate,Married,0,1274117,12,325,No,Semiurban,0
54,Female,1137751,Unemployed,Graduate,Married,0,1966069,240,595,Yes,Rural,0
40,Male,206116,Salaried,Graduate,Single,4,241933,240,836,No,Rural,1
31,Female,294233,Self-Employed,Graduate,Married,0,1641320,120,654,No,Semiurban,0
36,Male,1230728,Self-Employed,Graduate,Married,1,892235,180,368,Yes,Semiurban,0
51,Male,256379,Salaried,Graduate,Married,1,1426353,24,626,No,Urban,1
26,Male,1425481,Unemployed,Graduate,Married,1,780379,12,450,No,Urban,0
39,Male,1219412,Self-Employed,Graduate,Married,3,1613285,24,876,Yes,Rural,1
57,Male,371439,Salaried,Not Graduate,Single,0,1659096,240,619,No,Urban,0
24,Female,1385296,Self-Employed,Graduate,Single,1,117323,24,751,No,Rural,1
24,Male,1355979,Salaried,Not Graduate,Married,3,1991075,36,869,No,Semiurban,1
40,Male,1340411,Self-Employed,Graduate,Married,1,1513580,360,411,No,Semiurban,0
30,Male,1005876,Salaried,Graduate,Single,2,1066491,240,761,No,Rural,1
44,Female,767397,Self-Employed,Graduate,Single,4,1901100,60,661,No,Urban,0
55,Female,1348835,Salaried,Graduate,Married,0,1886140,36,502,Yes,Urban,0
46,Female,1341605,Self-Employed,Not Graduate,Single,4,783210,36,786,No,Urban,1
57,Female,547595,Salaried,Graduate,Married,4,1333829,180,779,No,Rural,1
58,Male,756306,Self-Employed,Not Graduate,Married,2,1317766,36,303,No,Urban,0
41,Male,1845940,Self-Employed,Not Graduate,Married,2,1753888,12,428,No,Semiurban,0
60,Male,1881041,Salaried,Graduate,Married,2,1355651,60,325,No,Semiurban,0
59,Female,1592669,Self-Employed,Not Graduate,Single,3,1851708,60,326,No,Semiurban,0
41,Male,1902289,Salaried,Graduate,Single,1,299596,240,341,No,Semiurban,1
30,Male,1938521,Self-Employed,Not Graduate,Single,0,325212,12,882,Yes,Semiurban,1
58,Female,1544028,Salaried,Not Graduate,Married,2,229598,36,363,No,Semiurban,1
24,Female,1643359,Self-Employed,Graduate,Single,0,1550750,36,324,No,Semiurban,0
40,Female,470057,Self-Employed,Not Graduate,Married,0,165729,24,371,No,Semiurban,0
37,Male,676925,Salaried,Graduate,Married,0,126593,240,781,No,Semiurban,1
27,Male,615994,Salaried,Graduate,Single,2,1153617,240,567,No,Rural,1
24,Female,978457,Salaried,Graduate,Married,2,1853094,24,394,No,Rural,0
49,Male,1960853,Self-Employed,Graduate,Married,1,1333690,180,694,Yes,Semiurban,1
34,Female,906547,Salaried,Graduate,Married,2,375516,120,663,Yes,Semiurban,1
23,Female,511652,Salaried,Not Graduate,Single,2,1690426,24,614,Yes,Semiurban,0
44,Male,756752,Self-Employed,Graduate,Married,0,928531,60,416,No,Urban,0
57,Female,1489462,Salaried,Graduate,Single,1,1686910,360,463,Yes,Rural,1
36,Female,686119,Self-Employed,Graduate,Married,4,1071173,12,876,No,Semiurban,1
24,Female,263768,Salaried,Graduate,Single,2,1981466,36,605,No,Rural,0
44,Male,921271,Salaried,Not Graduate,Married,2,1236737,120,499,No,Semiurban,0
54,Female,1545812,Self-Employed,Not Graduate,Single,4,853055,24,479,No,Urban,0
50,Female,1027311,Salaried,Not Graduate,Single,0,886073,240,657,Yes,Semiurban,1
38,Female,1062969,Salaried,Graduate,Married,1,1372763,120,551,No,Rural,0
39,Female,1114266,Self-Employed,Graduate,Married,0,1165148,12,598,Yes,Rural,1
51,Female,779112,Salaried,Not Graduate,Married,3,1031640,360,729,No,Rural,1
39,Female,1166462,Unemployed,Not Graduate,Married,2,1579844,12,303,Yes,Rural,0
39,Female,1287317,Unemployed,Graduate,Single,3,1185276,240,553,No,Semiurban,0
42,Male,1217406,Salaried,Graduate,Married,2,107061,120,878,No,Urban,1
44,Male,1515764,Salaried,Not Graduate,Single,3,1216533,120,866,No,Urban,1
32,Female,1010380,Self-Employed,Not Graduate,Married,4,842554,180,395,No,Semiurban,0
50,Male,219202,Salaried,Graduate,Single,2,883778,120,466,Yes,Semiurban,0
58,Male,449189,Salaried,Not Graduate,Single,2,1617226,36,630,No,Rural,0
51,Female,367394,Self-Employed,Graduate,Single,3,1326970,360,361,No,Semiurban,0
56,Male,1709049,Salaried,Graduate,Married,1,950425,360,473,No,Urban,1
39,Female,1400699,Self-Employed,Graduate,Married,3,459366,360,552,No,Semiurban,1
56,Female,307699,Salaried,Graduate,Single,2,1186206,60,760,Yes,Semiurban,1
50,Female,427342,Salaried,Graduate,Single,2,127228,24,514,No,Urban,1
53,Female,1005953,Salaried,Graduate,Single,1,324198,240,538,No,Urban,1
38,Female,654655,Unemployed,Graduate,Single,0,576055,24,714,No,Semiurban,1
48,Male,1829335,Self-Employed,Not Graduate,Single,1,54708,360,425,No,Rural,1
31,Female,386824,Self-Employed,Not Graduate,Married,0,1860593,24,552,No,Rural,0
53,Male,1710790,Salaried,Graduate,Single,2,1943007,120,496,Yes,Rural,0
37,Female,1217979,Salaried,Graduate,Married,4,626446,240,712,Yes,Urban,1
26,Female,1202257,Salaried,Not Graduate,Married,4,996796,120,755,No,Urban,1
24,Female,503699,Salaried,Graduate,Married,3,78082,180,353,No,Rural,1
40,Male,1198072,Self-Employed,Not Graduate,Single,1,84024,120,638,No,Semiurban,1
47,Female,1838124,Self-Employed,Not Graduate,Single,1,1075951,180,658,No,Semiurban,1
35,Female,1896228,Salaried,Graduate,Single,4,335605,180,450,No,Semiurban,1
26,Female,779674,Unemployed,Not Graduate,Single,0,1103927,36,399,No,Urban,0
34,Female,1956242,Salaried,Not Graduate,Married,1,1590845,36,533,No,Urban,1
31,Male,548845,Unemployed,Graduate,Married,0,919060,36,843,Yes,Rural,1
59,Female,243246,Salaried,Graduate,Married,0,154720,360,361,No,Semiurban,1
29,Male,1294440,Salaried,Graduate,Single,0,1747365,36,495,No,Urban,1
46,Female,358886,Salaried,Graduate,Single,0,1531510,12,841,Yes,Urban,1
36,Male,420561,Salaried,Graduate,Single,3,1995640,36,405,No,Rural,0
25,Male,1579608,Self-Employed,Graduate,Single,3,570751,36,594,No,Semiurban,1
30,Female,1364413,Salaried,Graduate,Single,4,1713441,36,750,No,Urban,1
23,Female,1010931,Salaried,Not Graduate,Single,3,176875,180,833,No,Urban,1
33,Male,1443736,Self-Employed,Graduate,Married,1,796572,24,455,Yes,Urban,1
63,Female,337646,Self-Employed,Graduate,Married,3,1985025,240,705,Yes,Urban,0
50,Female,1170332,Self-Employed,Graduate,Single,1,718137,24,853,Yes,Semiurban,1
26,Female,1682337,Salaried,Graduate,Married,1,1843792,24,871,No,Rural,1
37,Male,933566,Self-Employed,Graduate,Married,0,189380,60,674,Yes,Semiurban,1
39,Female,964107,Self-Employed,Graduate,Married,4,1666305,12,888,No,Rural,1
62,Female,1455257,Salaried,Graduate,Married,0,687970,180,754,No,Urban,1
55,Female,1664059,Salaried,Not Graduate,Single,0,130865,120,501,Yes,Semiurban,1
46,Male,1894499,Salaried,Not Graduate,Married,3,63882,180,751,No,Rural,1
25,Female,685620,Salaried,Graduate,Single,3,164883,36,486,No,Rural,1
49,Male,929105,Salaried,Graduate,Single,1,1321234,24,667,No,Urban,1
57,Female,955609,Salaried,Graduate,Married,3,224504,180,639,No,Rural,1
40,Male,1066992,Self-Employed,Not Graduate,Single,3,1310937,12,561,No,Rural,0
41,Female,370326,Self-Employed,Graduate,Married,2,1456235,36,888,No,Rural,1
30,Female,873807,Unemployed,Not Graduate,Single,1,1733489,60,842,No,Urban,0
25,Male,1460425,Self-Employed,Graduate,Single,1,1047670,120,850,Yes,Semiurban,1
56,Male,469248,Salaried,Graduate,Married,2,700222,36,605,No,Urban,1
26,Male,496479,Self-Employed,Graduate,Married,1,1509450,240,464,No,Rural,0
46,Female,1575658,Self-Employed,Not Graduate,Single,4,774605,120,387,No,Rural,1
24,Female,1279306,Salaried,Not Graduate,Married,4,1852578,180,499,Yes,Semiurban,0
59,Female,1596743,Self-Employed,Graduate,Single,2,417209,36,570,No,Rural,1
59,Female,1436050,Unemployed,Graduate,Married,3,561415,60,350,No,Semiurban,0
55,Male,440477,Salaried,Graduate,Single,4,807939,180,788,Yes,Rural,1
21,Female,433817,Unemployed,Graduate,Single,2,1357245,12,497,No,Rural,0
44,Female,1050853,Salaried,Not Graduate,Single,4,1962035,120,322,Yes,Urban,0
56,Female,1763734,Salaried,Not Graduate,Single,0,1804744,120,522,Yes,Urban,0
26,Female,403017,Salaried,Not Graduate,Single,2,1138106,12,520,No,Semiurban,0
61,Female,801824,Self-Employed,Not Graduate,Married,1,189906,360,565,No,Urban,1
64,Female,483245,Self-Employed,Graduate,Single,4,1506150,360,372,No,Semiurban,0
51,Female,959253,Unemployed,Not Graduate,Married,1,1419414,240,376,No,Urban,0
40,Male,1224070,Salaried,Not Graduate,Married,2,137193,360,843,No,Semiurban,1
44,Female,1822341,Salaried,Graduate,Single,4,1746362,120,734,No,Rural,1
45,Female,1586803,Self-Employed,Not Graduate,Single,1,231393,360,364,No,Semiurban,1
56,Female,1928096,Self-Employed,Graduate,Married,3,795723,180,656,Yes,Urban,1
41,Female,524842,Salaried,Not Graduate,Single,3,1303357,24,317,No,Semiurban,0
50,Male,523704,Salaried,Graduate,Single,0,328829,240,865,Yes,Urban,1
44,Male,1592627,Self-Employed,Graduate,Married,2,166254,12,874,No,Rural,1
64,Male,1192630,Self-Employed,Graduate,Married,1,716716,60,735,Yes,Urban,1
62,Male,430790,Salaried,Graduate,Married,0,1401304,240,740,Yes,Rural,1
50,Male,273777,Salaried,Graduate,Married,2,1602245,36,308,No,Rural,0
42,Male,1800224,Unemployed,Graduate,Married,3,1281010,360,769,No,Urban,1
48,Female,1498055,Self-Employed,Graduate,Married,1,585632,36,647,No,Rural,1
27,Male,1005783,Salaried,Graduate,Single,4,1737355,12,671,No,Urban,0
55,Male,1051366,Salaried,Not Graduate,Married,3,94619,360,474,Yes,Semiurban,1
48,Female,283501,Self-Employed,Not Graduate,Married,4,548750,24,814,No,Rural,1
34,Male,1502670,Salaried,Graduate,Single,4,1729971,180,429,No,Semiurban,0
30,Female,734942,Salaried,Not Graduate,Single,1,524547,60,865,No,Semiurban,1
36,Female,519566,Salaried,Graduate,Single,1,276351,36,592,No,Urban,1
36,Male,1570654,Salaried,Not Graduate,Single,4,1231591,36,652,No,Urban,0
51,Female,269975,Self-Employed,Graduate,Single,0,1319833,180,523,No,Rural,1
62,Male,873503,Salaried,Graduate,Single,4,765577,24,823,No,Urban,1
45,Male,1551906,Self-Employed,Graduate,Married,4,162319,120,808,No,Semiurban,1
33,Female,1564954,Salaried,Graduate,Single,1,1512813,240,667,No,Semiurban,1
26,Female,1825190,Salaried,Not Graduate,Single,2,844780,12,889,No,Semiurban,1
64,Male,1276103,Salaried,Not Graduate,Single,3,1306934,24,799,No,Rural,1
29,Female,498848,Unemployed,Graduate,Single,1,1562713,24,389,No,Urban,0
56,Female,1631177,Self-Employed,Graduate,Married,0,721999,24,371,No,Semiurban,1
63,Male,316991,Salaried,Not Graduate,Single,3,1183606,24,732,Yes,Rural,0
40,Male,246952,Self-Employed,Not Graduate,Single,1,507782,120,647,No,Urban,0
38,Female,483260,Self-Employed,Graduate,Married,1,747371,180,562,Yes,Urban,0
63,Male,615806,Unemployed,Graduate,Married,2,819937,60,570,Yes,Semiurban,0
41,Male,1026058,Salaried,Graduate,Married,0,1332984,240,808,Yes,Rural,1
24,Male,1632179,Self-Employed,Graduate,Single,0,1465285,24,807,Yes,Semiurban,1
53,Male,1869759,Salaried,Graduate,Married,1,1084609,240,719,No,Semiurban,1
47,Male,196015,Salaried,Graduate,Married,2,855072,24,371,No,Rural,0
27,Male,252877,Unemployed,Not Graduate,Married,1,1133978,12,373,No,Semiurban,0
26,Male,1476059,Salaried,Graduate,Single,4,1163664,36,802,No,Rural,1
35,Female,1721741,Salaried,Not Graduate,Single,4,445107,120,873,Yes,Rural,1
38,Male,1857427,Salaried,Not Graduate,Married,2,209331,24,445,No,Semiurban,1
52,Female,543922,Self-Employed,Not Graduate,Single,1,506237,360,345,No,Semiurban,0
31,Female,1820357,Self-Employed,Graduate,Single,2,1258635,60,404,Yes,Urban,0
40,Female,821088,Salaried,Not Graduate,Single,1,1282264,60,408,Yes,Urban,0
44,Male,1074501,Unemployed,Graduate,Single,1,1240331,60,616,No,Rural,0
35,Male,1695329,Salaried,Graduate,Single,4,504299,360,420,Yes,Rural,1
27,Female,865768,Salaried,Graduate,Married,3,1894975,12,798,No,Rural,0
41,Male,1125601,Unemployed,Graduate,Married,0,651952,60,342,Yes,Urban,0
62,Female,541670,Salaried,Not Graduate,Married,0,1007698,180,398,Yes,Semiurban,0
46,Male,581739,Salaried,Not Graduate,Married,2,674562,12,610,Yes,Semiurban,1
64,Male,1844512,Salaried,Graduate,Single,0,274903,120,513,No,Urban,1
34,Female,1485883,Self-Employed,Graduate,Married,4,1577665,60,762,Yes,Semiurban,0
57,Female,1871654,Salaried,Graduate,Married,3,899093,36,722,Yes,Semiurban,1
41,Female,761796,Unemployed,Graduate,Single,1,662026,24,688,No,Semiurban,0
38,Male,889127,Self-Employed,Not Graduate,Single,1,1301955,120,411,No,Urban,0
25,Female,1500339,Salaried,Graduate,Single,4,879884,180,571,No,Rural,1
23,Male,1472846,Self-Employed,Not Graduate,Single,0,1635721,36,401,No,Semiurban,0
43,Male,1787790,Salaried,Graduate,Married,1,474517,120,509,No,Semiurban,1
46,Male,190633,Salaried,Graduate,Single,0,892332,180,321,Yes,Rural,0
57,Female,1407302,Self-Employed,Graduate,Single,4,1654324,60,458,No,Semiurban,0
44,Female,1201893,Unemployed,Graduate,Single,1,1185499,120,642,No,Semiurban,0
39,Female,457124,Salaried,Graduate,Single,2,1934808,120,699,No,Rural,0
45,Male,980547,Salaried,Not Graduate,Single,3,453048,120,753,No,Urban,1
41,Male,1915582,Salaried,Not Graduate,Single,0,1897634,12,442,Yes,Urban,0
32,Female,861323,Salaried,Graduate,Married,0,238944,360,696,No,Semiurban,1
61,Male,1639423,Salaried,Graduate,Married,0,1575813,36,835,No,Semiurban,1
53,Male,1903252,Salaried,Graduate,Married,0,1046463,240,440,No,Rural,1
24,Female,1566084,Self-Employed,Graduate,Single,4,1981947,180,539,No,Rural,0
62,Female,1651134,Salaried,Graduate,Single,4,1719023,360,591,No,Semiurban,1
27,Female,1476224,Salaried,Graduate,Married,4,591090,60,381,Yes,Semiurban,0
42,Male,873953,Self-Employed,Not Graduate,Married,4,328477,24,859,No,Urban,1
53,Male,569876,Self-Employed,Not Graduate,Married,1,1395840,60,470,No,Urban,0
37,Male,1076109,Salaried,Not Graduate,Married,4,1716485,60,879,Yes,Urban,0
44,Male,1518108,Salaried,Graduate,Single,1,727519,12,825,No,Urban,1
54,Male,1410945,Self-Employed,Not Graduate,Married,2,467876,12,841,No,Rural,1
48,Female,1778365,Salaried,Graduate,Single,4,631131,120,409,No,Urban,1
63,Male,858669,Salaried,Graduate,Single,2,1748043,360,511,Yes,Urban,0
61,Male,177043,Self-Employed,Not Graduate,Single,4,1264167,60,737,No,Semiurban,0
59,Male,183635,Salaried,Graduate,Married,2,406477,36,621,Yes,Urban,0
42,Female,360387,Salaried,Graduate,Married,3,1838513,12,383,No,Semiurban,0
37,Female,1279267,Salaried,Not Graduate,Married,2,1143511,180,675,No,Semiurban,1
54,Female,649730,Salaried,Not Graduate,Single,1,72507,360,352,No,Urban,0
26,Male,1156891,Salaried,Not Graduate,Single,0,252132,12,795,Yes,Urban,1
26,Female,1292520,Unemployed,Graduate,Married,2,396415,36,555,No,Semiurban,0
54,Female,877467,Salaried,Graduate,Single,0,1942231,12,885,No,Rural,1
21,Female,605796,Salaried,Not Graduate,Married,3,208747,240,519,No,Semiurban,1
30,Male,1051699,Salaried,Graduate,Single,3,425631,36,399,No,Rural,0
41,Female,1714154,Unemployed,Graduate,Single,1,1640537,360,428,No,Rural,0
25,Male,1147057,Salaried,Graduate,Single,1,1208195,240,518,No,Urban,1
22,Male,1237812,Salaried,Graduate,Single,2,1658334,240,776,No,Urban,1
42,Female,1464870,Self-Employed,Graduate,Single,4,878035,24,757,No,Urban,1
22,Male,1572089,Salaried,Graduate,Single,3,528041,36,321,No,Urban,0
30,Female,955855,Salaried,Graduate,Single,0,474446,24,859,No,Semiurban,1
54,Male,1727001,Salaried,Graduate,Married,4,1768478,180,628,No,Rural,1
36,Female,704280,Salaried,Graduate,Single,3,815923,120,779,No,Semiurban,1
59,Female,1161942,Salaried,Graduate,Single,2,1946415,120,638,Yes,Rural,0
42,Female,265140,Self-Employed,Not Graduate,Married,3,628109,360,478,No,Semiurban,0
32,Male,325993,Salaried,Graduate,Married,1,347834,360,720,Yes,Rural,1
44,Female,1844089,Self-Employed,Graduate,Married,0,580942,360,781,No,Urban,1
60,Male,1671161,Salaried,Not Graduate,Married,0,510773,240,348,No,Rural,1
58,Female,1003349,Salaried,Graduate,Single,1,686547,12,329,No,Urban,1
30,Male,1534410,Salaried,Graduate,Single,4,790904,36,384,No,Rural,0
55,Male,1494955,Unemployed,Graduate,Married,1,1448984,12,801,Yes,Semiurban,0
52,Female,360047,Salaried,Not Graduate,Single,0,863878,36,845,No,Rural,1
27,Female,1741986,Self-Employed,Not Graduate,Married,2,1456235,360,628,No,Semiurban,1
41,Female,436100,Salaried,Not Graduate,Single,4,1671348,12,733,No,Semiurban,0
40,Female,213879,Salaried,Not Graduate,Single,3,618366,120,887,No,Urban,1
46,Female,732848,Salaried,Graduate,Single,2,573259,180,548,No,Rural,1
24,Male,1188939,Salaried,Graduate,Single,4,1475544,120,433,No,Semiurban,1
42,Female,522454,Salaried,Graduate,Single,0,1627089,12,664,No,Rural,0
35,Female,874045,Salaried,Graduate,Married,0,436242,36,874,No,Urban,1
60,Male,1092164,Self-Employed,Not Graduate,Single,2,124745,60,724,No,Urban,1
41,Female,1195533,Salaried,Graduate,Single,4,1339844,180,714,Yes,Rural,1
35,Female,1435844,Self-Employed,Graduate,Single,3,1573051,36,811,No,Semiurban,1
42,Male,629280,Salaried,Not Graduate,Single,3,1275135,12,684,No,Semiurban,1
48,Female,1706232,Salaried,Graduate,Single,1,1822612,36,687,No,Semiurban,1
34,Female,937600,Self-Employed,Graduate,Married,2,61721,360,748,No,Rural,1
47,Female,457268,Salaried,Graduate,Single,4,1494379,24,863,No,Semiurban,1
61,Male,1889833,Salaried,Graduate,Married,2,158878,36,602,No,Semiurban,1
60,Female,820392,Self-Employed,Graduate,Single,3,613725,120,398,Yes,Semiurban,0
48,Male,1513517,Self-Employed,Graduate,Single,4,200061,240,605,No,Urban,1
46,Female,1635619,Salaried,Graduate,Married,0,1786662,120,856,Yes,Semiurban,1
22,Male,1988524,Salaried,Not Graduate,Single,0,1824476,24,341,Yes,Rural,0
45,Female,1349399,Self-Employed,Not Graduate,Single,4,1093471,180,767,No,Rural,1
23,Male,704661,Salaried,Graduate,Married,2,916269,36,739,No,Semiurban,1
28,Male,272026,Self-Employed,Graduate,Single,2,1721079,180,626,No,Rural,0
64,Male,1228846,Salaried,Not Graduate,Married,0,437581,60,868,No,Rural,1
53,Male,1077890,Salaried,Not Graduate,Married,0,1926176,36,332,No,Semiurban,0
62,Male,1431507,Self-Employed,Graduate,Married,3,1040544,120,711,No,Urban,1
55,Male,1918753,Salaried,Graduate,Single,4,414258,240,413,Yes,Semiurban,1
26,Female,1263760,Salaried,Not Graduate,Single,2,1432336,120,807,No,Rural,1
59,Female,657532,Salaried,Graduate,Married,3,188480,180,355,No,Rural,1
43,Male,885053,Self-Employed,Graduate,Single,2,971657,12,855,No,Semiurban,1
45,Male,712167,Self-Employed,Graduate,Married,0,437031,120,651,Yes,Rural,1
63,Male,1172560,Salaried,Graduate,Single,4,1764991,12,628,No,Urban,1
39,Male,461741,Salaried,Graduate,Married,1,856192,120,845,No,Semiurban,1
25,Female,1106636,Self-Employed,Graduate,Single,4,1640616,360,569,No,Rural,0
31,Male,153626,Self-Employed,Not Graduate,Married,1,795089,120,495,No,Urban,0
32,Female,1808800,Self-Employed,Graduate,Single,3,1165149,240,712,No,Rural,1
30,Female,1693971,Salaried,Graduate,Married,1,1521846,60,378,Yes,Urban,0
28,Male,1957737,Self-Employed,Graduate,Single,1,242888,12,382,No,Rural,1
44,Male,1804379,Self-Employed,Not Graduate,Married,3,1387586,12,436,No,Semiurban,1
48,Female,358137,Salaried,Graduate,Single,4,837424,120,838,Yes,Rural,1
61,Female,1778254,Salaried,Graduate,Single,3,860128,360,605,No,Semiurban,1
56,Male,1084149,Salaried,Graduate,Married,0,1552074,12,610,No,Urban,1
57,Male,897320,Self-Employed,Not Graduate,Single,0,283886,120,687,No,Urban,1
41,Male,1777008,Salaried,Graduate,Single,1,1983705,120,848,Yes,Rural,1
28,Female,294454,Self-Employed,Graduate,Single,3,1172117,180,805,Yes,Semiurban,0
29,Female,1726889,Unemployed,Graduate,Single,3,1151414,36,687,Yes,Semiurban,0
35,Male,586442,Self-Employed,Not Graduate,Married,3,1914408,12,592,No,Urban,0
60,Female,1540100,Unemployed,Graduate,Single,4,394421,240,478,No,Urban,0
38,Female,404043,Unemployed,Not Graduate,Single,2,1479412,24,728,Yes,Rural,0
62,Male,793198,Salaried,Not Graduate,Married,2,329709,180,823,No,Urban,1
40,Male,612927,Self-Employed,Not Graduate,Single,2,1138161,12,611,Yes,Urban,0
26,Female,770343,Salaried,Graduate,Married,4,1002337,240,379,Yes,Semiurban,0
32,Female,1586909,Self-Employed,Not Graduate,Single,3,1482279,360,313,No,Semiurban,0
22,Male,880070,Salaried,Graduate,Married,2,848526,12,353,Yes,Semiurban,0
27,Male,1070947,Unemployed,Graduate,Single,3,212352,60,746,Yes,Urban,1
36,Male,957827,Self-Employed,Not Graduate,Married,1,1669511,24,364,No,Rural,0
23,Male,1995733,Self-Employed,Graduate,Married,2,749738,24,671,No,Rural,1
23,Male,1756325,Salaried,Graduate,Married,1,987017,240,802,No,Urban,1
47,Female,1456648,Salaried,Graduate,Single,4,967658,60,869,No,Rural,1
63,Female,1763979,Self-Employed,Graduate,Married,0,1980806,60,395,No,Urban,1
60,Female,260084,Salaried,Graduate,Single,4,1519926,12,832,No,Rural,1
58,Female,1164391,Self-Employed,Not Graduate,Married,4,836260,36,559,No,Urban,1
53,Male,495876,Salaried,Not Graduate,Married,4,1730914,240,884,No,Semiurban,1
48,Male,1179649,Self-Employed,Graduate,Married,2,1500470,60,547,No,Rural,1
21,Male,623006,Salaried,Graduate,Single,1,1760230,24,426,No,Semiurban,0
28,Female,1540277,Self-Employed,Not Graduate,Single,2,321718,240,798,No,Semiurban,1
57,Female,1007692,Self-Employed,Graduate,Married,0,1133759,24,345,No,Rural,0
52,Female,1882626,Salaried,Graduate,Married,4,1802683,12,567,No,Urban,0
63,Male,937839,Salaried,Graduate,Married,3,1427326,240,841,No,Semiurban,1
57,Female,223568,Salaried,Graduate,Married,0,199710,36,393,Yes,Semiurban,0
24,Male,1257136,Self-Employed,Graduate,Married,1,107194,120,615,No,Urban,1
50,Male,1114844,Salaried,Graduate,Married,0,1539345,240,370,No,Urban,1
26,Male,1347442,Self-Employed,Graduate,Married,2,76082,60,892,Yes,Rural,1
39,Male,1349529,Salaried,Graduate,Married,3,721666,60,748,No,Rural,1
52,Male,1940228,Salaried,Graduate,Single,2,944803,12,666,No,Urban,1
29,Male,911058,Salaried,Not Graduate,Married,4,1226475,180,709,No,Semiurban,1
32,Female,376024,Salaried,Not Graduate,Single,4,319951,180,390,No,Urban,0
31,Male,1379351,Salaried,Graduate,Married,0,1280990,36,808,No,Rural,1
36,Male,1111858,Unemployed,Graduate,Single,4,1130719,24,827,No,Semiurban,1
21,Female,241288,Self-Employed,Not Graduate,Single,4,171952,24,409,Yes,Semiurban,0
41,Male,621678,Salaried,Graduate,Married,1,1419134,120,388,No,Rural,0
50,Female,1579740,Self-Employed,Not Graduate,Single,1,1844238,24,571,No,Semiurban,1
33,Female,1035733,Self-Employed,Graduate,Single,2,861147,180,546,No,Urban,1
54,Female,1972700,Salaried,Not Graduate,Married,2,1815990,180,660,No,Rural,1
24,Male,164390,Salaried,Graduate,Married,1,1957942,360,677,No,Semiurban,0
48,Male,647619,Salaried,Graduate,Married,0,62202,60,505,No,Rural,1
58,Female,368547,Salaried,Not Graduate,Single,1,602275,120,644,No,Semiurban,1
51,Male,701595,Unemployed,Graduate,Married,2,216812,36,754,Yes,Urban,1
47,Male,377436,Self-Employed,Graduate,Single,3,821562,120,366,Yes,Rural,0
25,Female,375121,Salaried,Graduate,Married,4,1175424,240,857,No,Semiurban,1
45,Female,401063,Salaried,Not Graduate,Married,3,1577682,36,342,Yes,Urban,0
23,Male,1223078,Self-Employed,Graduate,Single,3,1283519,180,528,No,Urban,0
53,Female,1745350,Self-Employed,Graduate,Single,4,307476,24,743,No,Urban,1
24,Female,1572533,Self-Employed,Graduate,Single,1,1767563,12,533,No,Semiurban,0
45,Female,1892194,Self-Employed,Graduate,Married,0,280721,120,498,No,Semiurban,1
40,Male,1911652,Salaried,Graduate,Married,3,275366,120,796,No,Urban,1
54,Male,378300,Self-Employed,Graduate,Married,0,625357,60,331,No,Urban,0
46,Male,253920,Self-Employed,Graduate,Single,2,1138985,360,563,Yes,Urban,0
25,Female,1935430,Salaried,Graduate,Single,3,308329,360,412,No,Urban,1
55,Male,1168056,Self-Employed,Graduate,Single,2,406166,360,758,Yes,Urban,1
48,Female,1543488,Salaried,Graduate,Single,1,523851,60,575,Yes,Semiurban,1
49,Male,1078252,Salaried,Graduate,Married,3,161689,180,445,No,Rural,1
29,Male,737073,Salaried,Graduate,Single,2,156948,36,656,No,Rural,1
58,Female,750338,Salaried,Not Graduate,Single,2,766846,360,305,Yes,Rural,0
26,Male,697026,Salaried,Graduate,Married,1,1624475,12,639,No,Semiurban,1
39,Female,224231,Salaried,Not Graduate,Married,0,1654521,240,793,No,Rural,0
64,Male,223606,Salaried,Graduate,Single,0,592750,60,407,Yes,Rural,0
31,Male,1685093,Salaried,Graduate,Single,3,1870688,60,370,No,Rural,0
22,Female,1502382,Salaried,Graduate,Single,1,139299,24,639,No,Rural,1
64,Female,1579033,Salaried,Graduate,Single,3,1923555,24,399,No,Urban,0
64,Female,1425945,Self-Employed,Not Graduate,Single,0,944186,180,626,No,Semiurban,1
29,Male,643896,Salaried,Not Graduate,Single,1,1859390,360,332,Yes,Rural,0
41,Male,306688,Salaried,Not Graduate,Married,4,394417,180,442,Yes,Urban,0
44,Male,645898,Self-Employed,Graduate,Married,1,1078400,60,543,Yes,Rural,0
54,Female,1471902,Self-Employed,Graduate,Married,1,563622,36,516,No,Rural,1
42,Female,1166382,Self-Employed,Graduate,Married,4,1440117,240,733,Yes,Rural,1
23,Female,1653805,Salaried,Not Graduate,Single,2,1675652,360,353,Yes,Rural,0
32,Male,312403,Salaried,Graduate,Single,2,1272171,12,891,Yes,Rural,1
48,Male,851458,Self-Employed,Graduate,Single,2,735644,60,450,No,Urban,1
50,Female,1224704,Salaried,Graduate,Single,0,1710828,36,354,Yes,Rural,0
46,Male,1230132,Salaried,Graduate,Married,1,507212,36,816,No,Urban,1
41,Female,1457046,Salaried,Not Graduate,Single,4,1426967,360,747,No,Rural,1
48,Male,1875812,Self-Employed,Graduate,Single,0,325850,60,334,No,Semiurban,1
46,Male,1338597,Salaried,Graduate,Single,4,1585406,360,418,Yes,Urban,0
53,Female,726250,Unemployed,Graduate,Single,0,585212,36,496,Yes,Rural,0
41,Male,1812918,Self-Employed,Not Graduate,Married,0,1603169,120,865,No,Urban,1
55,Male,667200,Salaried,Graduate,Single,0,590209,360,813,No,Rural,1
54,Female,1400854,Self-Employed,Not Graduate,Married,4,468648,36,893,No,Rural,1
61,Female,1746963,Self-Employed,Graduate,Single,3,592101,60,721,Yes,Urban,1
38,Male,1434519,Self-Employed,Not Graduate,Single,0,1727612,36,816,Yes,Rural,1
31,Female,1080220,Salaried,Not Graduate,Single,2,945420,360,438,No,Rural,0
43,Male,333683,Self-Employed,Graduate,Married,1,1819186,240,343,No,Rural,0
42,Female,1892821,Salaried,Graduate,Single,3,962510,60,518,No,Rural,1
37,Male,1513864,Unemployed,Graduate,Single,3,707428,24,867,No,Rural,1
25,Male,1394868,Salaried,Graduate,Single,4,1662791,60,557,No,Rural,0
64,Female,682125,Salaried,Not Graduate,Married,3,1562134,36,812,No,Urban,1
31,Male,1379003,Self-Employed,Graduate,Married,4,941580,60,676,No,Semiurban,1
50,Male,1376947,Self-Employed,Graduate,Single,4,604827,12,588,No,Rural,1
35,Female,1086663,Self-Employed,Graduate,Married,2,323827,60,769,No,Urban,1
47,Female,1053112,Salaried,Graduate,Single,0,173031,60,402,No,Semiurban,1
55,Male,922291,Salaried,Not Graduate,Single,3,397295,360,448,No,Urban,1
53,Female,1567522,Unemployed,Graduate,Married,0,1265322,12,383,No,Semiurban,0
40,Female,1183879,Self-Employed,Not Graduate,Single,0,626991,12,325,Yes,Semiurban,0
36,Male,776701,Self-Employed,Not Graduate,Single,0,1943818,12,474,No,Semiurban,0
54,Male,201012,Salaried,Graduate,Married,4,398255,180,721,No,Urban,1
22,Female,280193,Salaried,Graduate,Married,0,790703,120,645,No,Semiurban,1
55,Female,1126809,Self-Employed,Not Graduate,Married,3,922409,180,601,Yes,Rural,0
60,Female,368168,Self-Employed,Graduate,Married,4,1841050,60,597,No,Rural,0
48,Male,298178,Salaried,Graduate,Single,3,1765053,180,434,Yes,Semiurban,0
59,Male,208123,Self-Employed,Graduate,Single,4,1888673,360,354,No,Semiurban,0
26,Male,261825,Salaried,Graduate,Single,1,1929398,180,355,No,Rural,0
29,Male,1731584,Salaried,Not Graduate,Single,1,911316,12,673,Yes,Urban,1
40,Male,1367309,Salaried,Graduate,Single,1,638175,12,887,Yes,Urban,1
21,Male,920391,Salaried,Graduate,Single,1,753626,24,638,No,Rural,1
28,Male,1423546,Salaried,Not Graduate,Single,4,1416261,180,756,Yes,Urban,0
43,Female,374866,Salaried,Not Graduate,Single,0,1556594,120,654,No,Urban,1
23,Female,1174208,Salaried,Graduate,Married,2,1979327,360,431,No,Semiurban,0
24,Male,1088624,Self-Employed,Not Graduate,Single,2,1106458,360,792,Yes,Urban,1
45,Male,1349438,Salaried,Graduate,Single,1,1169401,360,853,No,Rural,1
58,Male,732943,Salaried,Not Graduate,Single,0,1898918,60,409,Yes,Urban,0
35,Female,865003,Salaried,Graduate,Single,3,1925574,240,881,No,Semiurban,1
41,Male,1816312,Salaried,Graduate,Single,0,244145,360,425,No,Rural,1
55,Female,328446,Self-Employed,Not Graduate,Married,3,1982527,240,595,No,Rural,0
34,Female,848267,Salaried,Graduate,Married,2,217248,36,478,No,Rural,1
56,Female,1379719,Self-Employed,Not Graduate,Married,0,1181657,120,496,No,Semiurban,1
32,Female,1843371,Self-Employed,Graduate,Single,0,211361,120,400,Yes,Rural,1
37,Female,446956,Salaried,Not Graduate,Single,2,1079767,24,872,No,Semiurban,1
59,Male,986002,Salaried,Not Graduate,Single,0,159337,60,482,No,Semiurban,1
29,Male,1511621,Salaried,Graduate,Single,3,1113938,60,308,No,Urban,0
55,Female,1258762,Salaried,Not Graduate,Married,0,530826,12,712,Yes,Rural,1
33,Male,1320642,Self-Employed,Graduate,Married,3,1063875,12,865,No,Urban,1
35,Female,540508,Self-Employed,Not Graduate,Single,1,325927,120,403,Yes,Urban,0
38,Female,1904187,Salaried,Graduate,Single,0,225234,24,425,No,Semiurban,1
53,Male,1919107,Salaried,Not Graduate,Married,3,1003253,60,845,No,Urban,1
26,Male,186160,Salaried,Graduate,Married,2,811729,24,569,No,Urban,0
47,Male,169156,Self-Employed,Graduate,Married,1,1495346,36,765,Yes,Urban,0
43,Male,1274784,Salaried,Graduate,Married,0,1078387,240,417,No,Rural,1
47,Male,623196,Salaried,Graduate,Married,3,1379493,60,391,Yes,Urban,0
